Customer_ID,Total_Transactions,Avg_Transaction_Amount,Avg_Satisfaction_Score,Avg_Likelihood_to_Recommend,Mode_Transaction_Type,Mode_Transaction_Amount_Segment,PC1,PC2,KMeans_Cluster,Customer_Segment
1,6,2806.0,10.0,9.0,Bill Payment,High Transaction Amount,1.773298007803159,-0.27996085140581134,2,High-Engagement / Negative Sentiment
2,2,2453.5,3.0,3.0,Bill Payment,Medium Transaction Amount,-0.8541147247179983,-0.0843443552624583,3,Low-Engagement / Positive Sentiment
3,1,1538.0,10.0,1.0,Bill Payment,Medium Transaction Amount,-0.5789085227358926,2.1423833513077635,0,High-Engagement / Positive Sentiment
4,2,4147.5,7.0,4.0,Purchase,Medium Transaction Amount,-0.6539160123610851,0.6706164825192528,3,Low-Engagement / Positive Sentiment
5,5,2959.6,8.0,7.0,Purchase,Medium Transaction Amount,0.26042534316980276,0.18269918949775166,0,High-Engagement / Positive Sentiment
6,3,2898.0,3.0,1.0,Loan Payment,Medium Transaction Amount,-0.47139067575559995,0.3591255013457029,3,Low-Engagement / Positive Sentiment
7,2,1786.0,3.0,2.0,Loan Payment,Low Transaction Amount,-1.9199639937338264,0.6342908163250807,3,Low-Engagement / Positive Sentiment
8,6,2042.0,7.0,5.0,Loan Payment,Low Transaction Amount,-0.46219728197140236,0.8824127735430856,0,High-Engagement / Positive Sentiment
9,8,2165.0,10.0,9.0,Investment,Low Transaction Amount,0.18834140532142038,0.65521209113013,0,High-Engagement / Positive Sentiment
10,6,2613.6666666666665,7.0,1.0,Bill Payment,Medium Transaction Amount,0.8216143677330239,1.3274257387135384,0,High-Engagement / Positive Sentiment
11,1,4993.0,9.0,4.0,Bill Payment,High Transaction Amount,0.2981588556475597,0.6997218171037927,0,High-Engagement / Positive Sentiment
12,5,3083.0,6.0,3.0,Bill Payment,Medium Transaction Amount,0.33729338041368895,0.6253887741921418,0,High-Engagement / Positive Sentiment
13,9,2054.4444444444443,7.0,5.0,Bill Payment,Medium Transaction Amount,1.6192185865323716,0.35704804812978574,2,High-Engagement / Negative Sentiment
14,7,2763.8571428571427,10.0,5.0,Bill Payment,Medium Transaction Amount,1.1906698194136816,1.1325464795466513,0,High-Engagement / Positive Sentiment
15,8,3120.3125,1.0,10.0,Bill Payment,High Transaction Amount,1.7193863352212082,-2.786573531438194,2,High-Engagement / Negative Sentiment
16,8,3570.375,7.0,2.0,Investment,High Transaction Amount,2.4360336912848597,0.5456434080823137,2,High-Engagement / Negative Sentiment
17,5,2896.8,2.0,5.0,Investment,Medium Transaction Amount,-0.11343063083805818,-0.866998261909865,1,Low-Engagement / Negative Sentiment
18,4,2018.5,7.0,9.0,Purchase,Medium Transaction Amount,-0.22389564414953217,-0.5193377750236449,1,Low-Engagement / Negative Sentiment
19,3,2309.6666666666665,3.0,5.0,Bill Payment,Medium Transaction Amount,-0.6173083025433619,-0.5629566703581079,1,Low-Engagement / Negative Sentiment
20,1,4408.0,9.0,10.0,Loan Payment,High Transaction Amount,0.008151721058125715,-0.7054922847083795,1,Low-Engagement / Negative Sentiment
21,6,2365.0,5.0,2.0,Investment,Medium Transaction Amount,0.5607721538066368,0.5672298703844363,0,High-Engagement / Positive Sentiment
22,3,2480.0,7.0,7.0,Loan Payment,Low Transaction Amount,-1.5213563575970679,0.45641270001724815,3,Low-Engagement / Positive Sentiment
23,10,1949.05,8.0,6.0,Purchase,Medium Transaction Amount,1.9239746915578995,0.3496635148870844,2,High-Engagement / Negative Sentiment
24,4,4133.5,2.0,7.0,Bill Payment,High Transaction Amount,0.6273429264278855,-1.7860416376029336,1,Low-Engagement / Negative Sentiment
25,4,3179.75,1.0,8.0,Purchase,Medium Transaction Amount,-0.6191711315747339,-1.7849927689359655,1,Low-Engagement / Negative Sentiment
26,4,2256.5,7.0,10.0,Purchase,Low Transaction Amount,-1.348477587677683,-0.2573255204367207,3,Low-Engagement / Positive Sentiment
27,6,34529.0,6.0,5.0,Bill Payment,Medium Transaction Amount,0.5740998025883252,0.146776459096492,2,High-Engagement / Negative Sentiment
28,7,2998.1428571428573,6.0,2.0,Loan Payment,High Transaction Amount,2.0814057950788745,0.32823406111772907,2,High-Engagement / Negative Sentiment
29,3,1417.6666666666667,2.0,7.0,Purchase,Low Transaction Amount,-1.907414836683701,-0.7946374290427382,3,Low-Engagement / Positive Sentiment
30,9,2531.222222222222,3.0,7.0,Bill Payment,Low Transaction Amount,0.15846552449122014,-0.6125924054775007,1,Low-Engagement / Negative Sentiment
31,6,2493.6666666666665,4.0,8.0,Bill Payment,Medium Transaction Amount,0.29703305298752586,-1.0508739633796094,1,Low-Engagement / Negative Sentiment
32,9,3217.5555555555557,3.0,7.0,Bill Payment,High Transaction Amount,2.3204444592720828,-1.6020761693545462,2,High-Engagement / Negative Sentiment
33,3,1923.6666666666667,2.0,10.0,Investment,Medium Transaction Amount,-0.979375760426807,-2.00434027788295,1,Low-Engagement / Negative Sentiment
34,6,2674.1666666666665,3.0,7.0,Purchase,Medium Transaction Amount,0.21869341465077702,-1.079107721947967,1,Low-Engagement / Negative Sentiment
35,3,2844.3333333333335,6.0,9.0,Bill Payment,Medium Transaction Amount,-0.5722442253127795,-0.7446828691325419,1,Low-Engagement / Negative Sentiment
36,9,2732.777777777778,9.0,8.0,Investment,High Transaction Amount,2.6447595300962576,-0.36442587599842324,2,High-Engagement / Negative Sentiment
37,6,1969.6666666666667,4.0,2.0,Bill Payment,Medium Transaction Amount,0.5585879098138435,0.3455038007299809,0,High-Engagement / Positive Sentiment
38,9,2924.3333333333335,6.0,2.0,Bill Payment,Medium Transaction Amount,1.6768513543517103,0.8055061599739278,2,High-Engagement / Negative Sentiment
39,10,2620.2,1.0,7.0,Loan Payment,Medium Transaction Amount,1.38870476738097,-1.628785225932365,2,High-Engagement / Negative Sentiment
40,4,1627.75,6.0,10.0,Purchase,Medium Transaction Amount,-0.34063278088107196,-1.0017981725858964,1,Low-Engagement / Negative Sentiment
41,4,4061.5,3.0,10.0,Purchase,High Transaction Amount,0.5209227047278987,-2.2457323651563783,1,Low-Engagement / Negative Sentiment
42,4,2283.0,9.0,3.0,Purchase,Medium Transaction Amount,0.183948533864426,1.3765015295072511,0,High-Engagement / Positive Sentiment
43,5,1010.0,4.0,1.0,Purchase,Low Transaction Amount,-0.8515879097695919,1.0748957547032516,3,Low-Engagement / Positive Sentiment
44,4,2288.25,7.0,9.0,Bill Payment,Medium Transaction Amount,-0.17510819026888397,-0.5081051593143417,1,Low-Engagement / Negative Sentiment
45,4,2777.25,4.0,3.0,Investment,Low Transaction Amount,-1.2849371992154852,0.6058174755456135,3,Low-Engagement / Positive Sentiment
46,7,1187.142857142857,6.0,1.0,Purchase,Low Transaction Amount,-0.05731583968180048,1.5480511743396517,0,High-Engagement / Positive Sentiment
47,8,2457.875,7.0,6.0,Investment,Medium Transaction Amount,1.18067431934355,0.10946678061444284,2,High-Engagement / Negative Sentiment
48,4,2839.25,2.0,4.0,Purchase,Medium Transaction Amount,-0.37165656643003536,-0.6043434893189189,1,Low-Engagement / Negative Sentiment
49,3,2225.3333333333335,10.0,1.0,Purchase,Low Transaction Amount,-1.0607026951068215,2.5995864967520763,0,High-Engagement / Positive Sentiment
50,6,1288.3333333333333,6.0,4.0,Bill Payment,Low Transaction Amount,-0.4632971886643865,0.874247968386613,0,High-Engagement / Positive Sentiment
51,6,2259.5,8.0,8.0,Purchase,Medium Transaction Amount,0.5408242414821586,-0.06318349824629978,2,High-Engagement / Negative Sentiment
52,8,2952.375,6.0,7.0,Bill Payment,Medium Transaction Amount,1.134897599213037,-0.34498891639161094,2,High-Engagement / Negative Sentiment
53,5,3308.0,5.65439672801636,1.0,Purchase,High Transaction Amount,1.4314013121695541,0.4985657599477165,2,High-Engagement / Negative Sentiment
55,6,3307.8333333333335,1.0,9.0,Purchase,Medium Transaction Amount,-0.01478085881230268,-2.04402851707247,1,Low-Engagement / Negative Sentiment
56,5,2301.5,7.0,6.0,Purchase,Medium Transaction Amount,0.23087315871370215,0.16569804663869683,0,High-Engagement / Positive Sentiment
57,2,1285.0,8.0,2.0,Bill Payment,Low Transaction Amount,-1.5257884130016088,1.8917810050809283,3,Low-Engagement / Positive Sentiment
58,4,1572.0,10.0,3.0,Bill Payment,Medium Transaction Amount,0.30588064833889445,1.6374649154272074,0,High-Engagement / Positive Sentiment
59,8,25615.8125,2.0,7.0,Loan Payment,High Transaction Amount,1.8948561464650706,-1.8474902168753282,2,High-Engagement / Negative Sentiment
60,2,1392.0,10.0,3.0,Purchase,Low Transaction Amount,-1.471879021832336,2.147280302441333,3,Low-Engagement / Positive Sentiment
61,2,924.0,5.0,3.0,Purchase,Low Transaction Amount,-1.8376023248014373,0.8986264513880675,3,Low-Engagement / Positive Sentiment
62,5,1422.4,8.0,5.0,Purchase,Low Transaction Amount,-0.7333791719451893,1.1429003261394708,3,Low-Engagement / Positive Sentiment
63,4,2130.875,8.0,3.0,Bill Payment,Medium Transaction Amount,0.15959132715125396,1.138003375005901,0,High-Engagement / Positive Sentiment
64,1,4518.0,5.0,3.0,Bill Payment,High Transaction Amount,0.049172689409998235,-0.06647163638722162,1,Low-Engagement / Negative Sentiment
65,4,1916.25,8.0,5.0,Purchase,Low Transaction Amount,-1.057370546395265,1.156053386531924,3,Low-Engagement / Positive Sentiment
66,7,2432.785714285714,6.0,5.0,Purchase,Medium Transaction Amount,0.8493037231577525,0.1223907829947358,2,High-Engagement / Negative Sentiment
67,6,2917.8333333333335,5.0,9.0,Purchase,Medium Transaction Amount,0.2777977835629783,-1.0451054362298575,1,Low-Engagement / Negative Sentiment
68,7,2241.714285714286,4.0,1.0,Purchase,Medium Transaction Amount,0.8773843065209904,0.5538477519798229,0,High-Engagement / Positive Sentiment
69,6,1914.0,5.0,1.0,Purchase,Low Transaction Amount,-0.4544518747256962,1.3114734645214516,0,High-Engagement / Positive Sentiment
70,3,2050.6666666666665,4.0,9.0,Investment,Medium Transaction Amount,-0.7894939631014469,-1.272149110110046,1,Low-Engagement / Negative Sentiment
71,7,1786.857142857143,1.0,5.0,Loan Payment,Medium Transaction Amount,0.5039155963061829,-1.123866790051809,1,Low-Engagement / Negative Sentiment
72,6,3882.1666666666665,3.0,4.0,Investment,High Transaction Amount,1.4082873477339883,-0.8924328066785894,2,High-Engagement / Negative Sentiment
73,6,2100.0,8.0,2.0,Investment,Low Transaction Amount,-0.3007833318023338,1.8111640629549182,0,High-Engagement / Positive Sentiment
74,7,1051.857142857143,7.0,9.0,Purchase,Low Transaction Amount,-0.33291098818973713,-0.0640550742624817,1,Low-Engagement / Negative Sentiment
75,3,3100.3333333333335,7.0,6.0,Purchase,Medium Transaction Amount,-0.41710959018644883,0.1920041674236031,3,Low-Engagement / Positive Sentiment
76,2,2846.5,3.0,9.0,Purchase,Medium Transaction Amount,-1.1644570354249641,-1.4919547350813511,1,Low-Engagement / Negative Sentiment
77,7,2161.785714285714,9.0,5.0,Loan Payment,Medium Transaction Amount,1.0890728810567447,0.873979371633416,0,High-Engagement / Positive Sentiment
78,9,2870.8888888888887,6.0,4.0,Bill Payment,Medium Transaction Amount,1.5896664020762712,0.3400469052707309,2,High-Engagement / Negative Sentiment
79,10,3017.9,8.0,7.0,Bill Payment,Medium Transaction Amount,1.929169669300828,0.12816650324478912,2,High-Engagement / Negative Sentiment
80,4,3718.75,8.0,5.0,Loan Payment,High Transaction Amount,1.1249435645031296,0.1689659006615996,2,High-Engagement / Negative Sentiment
81,8,2535.25,3.0,8.0,Loan Payment,Medium Transaction Amount,0.8434188635307401,-1.3357471920777508,2,High-Engagement / Negative Sentiment
82,4,3757.75,4.0,8.0,Investment,Medium Transaction Amount,-0.421910112513652,-1.0525725431509008,1,Low-Engagement / Negative Sentiment
83,7,2245.714285714286,6.0,2.0,Bill Payment,Low Transaction Amount,-0.05212086193887183,1.3265541626973565,0,High-Engagement / Positive Sentiment
84,8,2853.5,2.0,5.0,Purchase,High Transaction Amount,1.9617059226229783,-1.3844272401788524,2,High-Engagement / Negative Sentiment
85,5,2082.8,7.0,10.0,Bill Payment,Medium Transaction Amount,0.10529070804347192,-0.7539878470583933,1,Low-Engagement / Negative Sentiment
86,5,2394.6,2.0,8.0,Bill Payment,Medium Transaction Amount,-0.1732476426501901,-1.5371824434084622,1,Low-Engagement / Negative Sentiment
87,7,1640.0,5.0,3.0,Loan Payment,Medium Transaction Amount,0.8836791909569032,0.34051554549400004,2,High-Engagement / Negative Sentiment
89,2,1159.0,9.0,3.0,Purchase,Low Transaction Amount,-1.5450236824261565,1.89754953223068,3,Low-Engagement / Positive Sentiment
90,6,2593.1666666666665,2.0,6.0,Purchase,Medium Transaction Amount,0.1891412301946764,-1.0961088648070219,1,Low-Engagement / Negative Sentiment
91,3,3260.0,7.0,2.0,Investment,Medium Transaction Amount,-0.2649126483559491,1.1061505919831018,0,High-Engagement / Positive Sentiment
92,5,2387.8,7.0,6.0,Bill Payment,Medium Transaction Amount,0.2796606125943504,0.17693066234799992,0,High-Engagement / Positive Sentiment
93,3,2084.6666666666665,7.0,6.0,Purchase,Low Transaction Amount,-1.4980990575768802,0.6867460493621258,3,Low-Engagement / Positive Sentiment
94,2,3505.0,1.0,8.0,Purchase,Medium Transaction Amount,-1.267153880474885,-1.7586866481510592,1,Low-Engagement / Negative Sentiment
95,8,2718.5,8.0,5.0,Purchase,Medium Transaction Amount,1.3195844187954684,0.608699263023589,2,High-Engagement / Negative Sentiment
96,4,2380.5,2.0,1.0,Investment,Medium Transaction Amount,-0.2630521007372552,0.07707330788898137,3,Low-Engagement / Positive Sentiment
97,5,2161.2,5.0,8.0,Purchase,Low Transaction Amount,-1.083590582139809,-0.3044808665472834,3,Low-Engagement / Positive Sentiment
98,2,1278.75,2.0,9.0,Bill Payment,Low Transaction Amount,-2.2698037095285675,-1.2357110076441786,3,Low-Engagement / Positive Sentiment
99,5,2575.6,5.0,1.0,Bill Payment,Medium Transaction Amount,0.3513336720953079,0.8411172586846853,0,High-Engagement / Positive Sentiment
100,4,1462.5,7.0,5.0,Purchase,Low Transaction Amount,-1.1305152069890851,0.906322616321271,3,Low-Engagement / Positive Sentiment
101,1,1552.0,6.0,6.0,Investment,Medium Transaction Amount,-1.1604099624007986,-0.04819256684903849,3,Low-Engagement / Positive Sentiment
102,2,4502.5,5.0,4.0,Purchase,High Transaction Amount,0.2807841338417058,-0.3235869398405761,1,Low-Engagement / Negative Sentiment
103,8,2565.875,4.0,2.0,Purchase,Medium Transaction Amount,1.1577832048333463,0.3079650642357716,2,High-Engagement / Negative Sentiment
104,6,2952.0833333333335,8.0,5.0,Bill Payment,Medium Transaction Amount,0.7203891237759656,0.6462379995177984,0,High-Engagement / Positive Sentiment
105,7,1787.857142857143,8.0,4.0,Purchase,Medium Transaction Amount,1.0391855204831124,0.8545819507676404,0,High-Engagement / Positive Sentiment
106,9,2025.111111111111,1.0,7.0,Purchase,Medium Transaction Amount,1.0443782168133628,-1.6180284435466326,2,High-Engagement / Negative Sentiment
107,6,1533.5,10.0,6.0,Bill Payment,Low Transaction Amount,-0.2579034985645448,1.4077117945260287,0,High-Engagement / Positive Sentiment
108,7,3274.5714285714284,2.0,3.0,Bill Payment,High Transaction Amount,1.7736869543289902,-0.8945823093738995,2,High-Engagement / Negative Sentiment
109,5,1498.4,3.0,9.0,Investment,Low Transaction Amount,-1.2956453421855478,-1.0534441191670827,1,Low-Engagement / Negative Sentiment
110,4,1325.75,1.0,4.0,Bill Payment,Low Transaction Amount,-1.4770032405336386,-0.3480997618817465,3,Low-Engagement / Positive Sentiment
111,6,2311.0,5.654396728016361,5.0,Bill Payment,Medium Transaction Amount,0.5488207685589682,0.06046868779669602,2,High-Engagement / Negative Sentiment
112,7,2260.5714285714284,10.0,3.0,Bill Payment,Medium Transaction Amount,1.2778547716891206,1.598005734249848,0,High-Engagement / Positive Sentiment
113,8,2729.375,8.0,8.0,Purchase,Medium Transaction Amount,1.1888069903823095,-0.08948961903120602,2,High-Engagement / Negative Sentiment
114,2,1880.5,4.0,7.0,Bill Payment,Low Transaction Amount,-2.036329436065488,-0.27079021251967583,3,Low-Engagement / Positive Sentiment
115,4,1302.125,7.0,7.0,Investment,Low Transaction Amount,-1.2398731219849033,0.4240912767711796,3,Low-Engagement / Positive Sentiment
116,7,3204.3571428571427,7.0,8.0,Bill Payment,Medium Transaction Amount,0.840458409219062,-0.314834713140103,2,High-Engagement / Negative Sentiment
117,8,2962.25,5.0,7.0,Investment,Medium Transaction Amount,0.9907925220181896,-0.6227243871584617,2,High-Engagement / Negative Sentiment
118,3,3556.3333333333335,5.654396728016361,3.0,Investment,High Transaction Amount,0.6740606482735855,0.04264054118253165,2,High-Engagement / Negative Sentiment
119,3,2717.3333333333335,10.0,3.0,Investment,Low Transaction Amount,-1.1700606101026394,2.117355157201985,3,Low-Engagement / Positive Sentiment
120,7,1855.7142857142858,4.0,2.0,Purchase,Medium Transaction Amount,0.8337918303832709,0.3211181246282247,2,High-Engagement / Negative Sentiment
121,2,3470.5,7.0,1.0,Loan Payment,Medium Transaction Amount,-0.5028034078303945,1.3712016425807687,0,High-Engagement / Positive Sentiment
122,8,2841.5,5.0,5.0,Purchase,Medium Transaction Amount,1.1001504370140076,-0.14049304760837042,2,High-Engagement / Negative Sentiment
123,4,2331.5,2.0,4.0,Purchase,Low Transaction Amount,-1.4526460338204668,-0.10960160738039633,3,Low-Engagement / Positive Sentiment
124,1,1017.0,8.0,2.0,Investment,Low Transaction Amount,-1.920740204052711,1.8769293649171837,3,Low-Engagement / Positive Sentiment
125,3,4270.333333333333,2.0,1.0,Purchase,High Transaction Amount,0.5161189549234795,-0.3877434288101935,2,High-Engagement / Negative Sentiment
126,1,4171.0,8.0,3.0,Bill Payment,High Transaction Amount,0.2686066711914588,0.6827206742447378,0,High-Engagement / Positive Sentiment
127,3,2604.3333333333335,2.0,6.0,Loan Payment,Medium Transaction Amount,-0.7624977170380182,-1.0542534056229416,1,Low-Engagement / Negative Sentiment
128,4,3097.0,5.0,2.0,Investment,Medium Transaction Amount,-0.08721059509351407,0.5935359911693425,0,High-Engagement / Positive Sentiment
129,5,3584.0,4.0,10.0,Investment,Medium Transaction Amount,-0.1851036903390157,-1.5311848582465504,1,Low-Engagement / Negative Sentiment
130,3,4384.333333333333,1.0,7.0,Bill Payment,High Transaction Amount,0.2302068913839897,-2.0226193474211334,1,Low-Engagement / Negative Sentiment
131,5,3108.2,8.0,7.0,Purchase,Medium Transaction Amount,0.26042534316980276,0.18269918949775166,0,High-Engagement / Positive Sentiment
132,5,1695.6,10.0,3.0,Purchase,Low Transaction Amount,-0.4999048984821096,2.1078211212639735,0,High-Engagement / Positive Sentiment
133,4,1661.375,3.0,1.0,Bill Payment,Low Transaction Amount,-1.1999364909328394,0.8495506605943548,3,Low-Engagement / Positive Sentiment
134,4,2066.75,4.0,9.0,Investment,Medium Transaction Amount,-0.46550258865137156,-1.285302170502499,1,Low-Engagement / Negative Sentiment
135,4,2352.0,4.0,5.0,Loan Payment,Medium Transaction Amount,-0.24862454526258265,-0.33521529824249036,1,Low-Engagement / Negative Sentiment
136,6,3699.6666666666665,5.0,2.0,Investment,High Transaction Amount,1.6417616211970683,0.0724879884459136,2,High-Engagement / Negative Sentiment
137,1,3520.0,3.0,8.0,Bill Payment,Medium Transaction Amount,-1.3960684798566718,-1.2348394316279967,1,Low-Engagement / Negative Sentiment
138,3,2446.6666666666665,9.0,10.0,Bill Payment,Low Transaction Amount,-1.4773921870594702,0.2665216960863417,3,Low-Engagement / Positive Sentiment
139,2,2790.5,4.0,10.0,Investment,Medium Transaction Amount,-1.1570778136892423,-1.4917256770691911,1,Low-Engagement / Negative Sentiment
140,1,3528.0,10.0,4.0,Purchase,Medium Transaction Amount,-0.7584734050296996,1.4329618535436652,0,High-Engagement / Positive Sentiment
141,4,2911.5,4.0,10.0,Investment,Medium Transaction Amount,-0.5090950647890913,-1.5180317978540974,1,Low-Engagement / Negative Sentiment
142,7,3480.4285714285716,6.0,7.0,Purchase,High Transaction Amount,1.8431082382727444,-0.8378103536469834,2,High-Engagement / Negative Sentiment
143,4,2341.5,8.0,5.0,Loan Payment,Medium Transaction Amount,0.043954097112698286,0.6637077826001223,0,High-Engagement / Positive Sentiment
144,3,3460.6666666666665,7.0,3.0,Purchase,High Transaction Amount,0.7946573056171414,0.39545116753987536,0,High-Engagement / Positive Sentiment
145,7,1756.4285714285713,4.0,10.0,Loan Payment,Medium Transaction Amount,0.5053871973990457,-1.5383226161778412,1,Low-Engagement / Negative Sentiment
146,5,2498.6,4.0,8.0,Bill Payment,Medium Transaction Amount,-0.02695832146254959,-1.0377209029871561,1,Low-Engagement / Negative Sentiment
147,4,1297.5,5.0,2.0,Investment,Medium Transaction Amount,-0.08721059509351407,0.5935359911693425,0,High-Engagement / Positive Sentiment
148,8,2294.25,10.0,1.0,Loan Payment,Medium Transaction Amount,1.6605788206515188,2.0414755908580093,0,High-Engagement / Positive Sentiment
149,12,2866.3333333333335,5.0,5.0,Purchase,Medium Transaction Amount,2.396115934814309,-0.19310528917818287,2,High-Engagement / Negative Sentiment
150,4,3698.25,1.0,4.0,Investment,Medium Transaction Amount,-0.46697418974423427,-0.8708463443764668,1,Low-Engagement / Negative Sentiment
151,4,3157.75,8.0,10.0,Investment,Medium Transaction Amount,-0.2165164224138102,-0.5191087170114846,1,Low-Engagement / Negative Sentiment
152,7,3256.5714285714284,10.0,7.0,Investment,Medium Transaction Amount,1.0325244505372155,0.639082524287257,0,High-Engagement / Positive Sentiment
153,5,2931.0,5.0,9.0,Loan Payment,Medium Transaction Amount,-0.025858414769565415,-1.0295560978306835,1,Low-Engagement / Negative Sentiment
154,6,2585.6666666666665,3.0,6.0,Loan Payment,Low Transaction Amount,-0.7983684004844029,-0.3492399346511253,3,Low-Engagement / Positive Sentiment
155,6,2795.5833333333335,3.0,1.0,Loan Payment,Medium Transaction Amount,0.5005834475946264,0.31966632016834357,0,High-Engagement / Positive Sentiment
156,8,2784.6875,4.0,8.0,Purchase,Medium Transaction Amount,0.8962283480070287,-1.0884126998738184,2,High-Engagement / Negative Sentiment
157,4,2087.5,7.0,2.0,Purchase,Low Transaction Amount,-0.9997377785759262,1.604511498376066,3,Low-Engagement / Positive Sentiment
158,5,2499.4,5.0,4.0,Loan Payment,Low Transaction Amount,-0.8888855014713987,0.6288339208658307,3,Low-Engagement / Positive Sentiment
159,3,2765.3333333333335,1.0,3.0,Investment,Low Transaction Amount,-1.8283625554470215,-0.13022177469389268,3,Low-Engagement / Positive Sentiment
160,3,2103.0,5.0,6.0,Bill Payment,Low Transaction Amount,-1.5956009248838727,0.1985171246501225,3,Low-Engagement / Positive Sentiment
161,12,2379.375,5.0,2.0,Loan Payment,Medium Transaction Amount,2.547228539345,0.5074798708833331,2,High-Engagement / Negative Sentiment
162,7,1841.0,6.0,5.0,Purchase,Low Transaction Amount,-0.23168574423267888,0.6171326649332585,0,High-Engagement / Positive Sentiment
163,1,737.0,7.0,9.0,Bill Payment,Low Transaction Amount,-2.228071781009542,0.026095903801540032,3,Low-Engagement / Positive Sentiment
164,4,3141.75,5.0,3.0,Purchase,High Transaction Amount,0.9723593588795764,-0.11716343327388405,2,High-Engagement / Negative Sentiment
165,4,3481.25,2.0,2.0,Loan Payment,Medium Transaction Amount,-0.2641364380370643,-0.13648795660900134,1,Low-Engagement / Negative Sentiment
166,4,2326.5,2.0,2.0,Purchase,Medium Transaction Amount,-0.2844716141545961,-0.13888423461572214,1,Low-Engagement / Negative Sentiment
167,6,1710.3333333333333,4.0,9.0,Investment,Medium Transaction Amount,0.18248016024877933,-1.3116082912874052,1,Low-Engagement / Negative Sentiment
168,6,1295.1666666666667,1.0,6.0,Loan Payment,Low Transaction Amount,-0.9446577216720434,-0.8487014750724317,1,Low-Engagement / Negative Sentiment
169,9,2374.6666666666665,7.0,2.0,Loan Payment,Medium Transaction Amount,1.7215437371824143,1.0464005924819986,0,High-Engagement / Positive Sentiment
170,1,1702.0,1.0,3.0,Purchase,Medium Transaction Amount,-1.3731828742363623,-0.5818854510006144,3,Low-Engagement / Positive Sentiment
171,2,1820.5,3.0,1.0,Purchase,Medium Transaction Amount,-0.8157172263232072,0.3698822837314353,3,Low-Engagement / Positive Sentiment
172,7,2441.714285714286,10.0,2.0,Bill Payment,Medium Transaction Amount,1.3214472478268404,1.8307353616014463,0,High-Engagement / Positive Sentiment
173,4,2690.0,7.0,2.0,Purchase,Medium Transaction Amount,0.08125168881450513,1.1097696164375435,0,High-Engagement / Positive Sentiment
174,3,1871.0,6.0,2.0,Bill Payment,Low Transaction Amount,-1.348086359739174,1.379166404267169,3,Low-Engagement / Positive Sentiment
175,7,2324.8571428571427,7.0,7.0,Bill Payment,Medium Transaction Amount,0.8840508853567817,-0.08210508578850469,2,High-Engagement / Negative Sentiment
176,4,2541.5,5.0,3.0,Loan Payment,Medium Transaction Amount,-0.0882949323933232,0.3799747266713594,0,High-Engagement / Positive Sentiment
177,6,1852.1666666666667,8.0,4.0,Investment,Low Transaction Amount,-0.387968284077773,1.3457048082517213,0,High-Engagement / Positive Sentiment
178,6,1966.9166666666667,6.0,2.0,Bill Payment,Medium Transaction Amount,0.704877231001484,0.8449653411512872,0,High-Engagement / Positive Sentiment
179,4,2033.5,4.0,5.0,Investment,Low Transaction Amount,-1.3721221514909248,0.14035822084241686,3,Low-Engagement / Positive Sentiment
180,5,2212.8,1.0,9.0,Bill Payment,Medium Transaction Amount,-0.28998477938172995,-2.0196428409707137,1,Low-Engagement / Negative Sentiment
181,4,2674.5,2.0,9.0,Purchase,Low Transaction Amount,-1.6706084145090647,-1.2732497441383879,1,Low-Engagement / Negative Sentiment
182,2,2354.5,6.0,7.0,Purchase,Low Transaction Amount,-1.9388275687584957,0.21743871219232727,3,Low-Engagement / Positive Sentiment
183,6,2323.3333333333335,4.0,8.0,Purchase,Medium Transaction Amount,0.24824559910687766,-1.0621065790889124,1,Low-Engagement / Negative Sentiment
184,6,2470.0,3.0,5.0,Purchase,Low Transaction Amount,-0.775111100464215,-0.11890658530624783,3,Low-Engagement / Positive Sentiment
185,7,2272.285714285714,7.0,5.0,Investment,Low Transaction Amount,-0.1807140463592374,0.850091350297017,0,High-Engagement / Positive Sentiment
186,7,2608.1428571428573,7.0,3.0,Purchase,Medium Transaction Amount,1.0096333360270118,0.8375808079085856,0,High-Engagement / Positive Sentiment
187,3,1973.0,2.0,6.0,Purchase,Low Transaction Amount,-1.8638223605459814,-0.5619078016911397,3,Low-Engagement / Positive Sentiment
188,4,2728.0,8.0,1.0,Purchase,Medium Transaction Amount,0.19798882554604497,1.5922300139997947,0,High-Engagement / Positive Sentiment
189,9,2135.1111111111113,1.0,3.0,Purchase,Medium Transaction Amount,1.2187481213642413,-0.6871099341402394,2,High-Engagement / Negative Sentiment
190,2,2587.5,10.0,2.0,Investment,Low Transaction Amount,-1.4504595084149954,2.363237844946037,3,Low-Engagement / Positive Sentiment
191,6,81586.0,7.0,7.0,Bill Payment,Medium Transaction Amount,0.5600595109067061,-0.06895202539605155,2,High-Engagement / Negative Sentiment
192,7,2457.1428571428573,10.0,9.0,Bill Payment,High Transaction Amount,2.0972893822532344,-0.29311391179826457,2,High-Engagement / Negative Sentiment
193,7,3019.0714285714284,1.0,4.0,Bill Payment,Medium Transaction Amount,0.575960350207019,-0.8823008249976283,2,High-Engagement / Negative Sentiment
194,8,2726.75,3.0,7.0,Loan Payment,Medium Transaction Amount,0.8870113396684598,-1.1030175647261524,2,High-Engagement / Negative Sentiment
195,5,56325.2,3.0,8.0,Investment,Medium Transaction Amount,-0.17106339865739678,-1.3154563737540068,1,Low-Engagement / Negative Sentiment
196,6,2324.1666666666665,10.0,10.0,Bill Payment,Low Transaction Amount,-0.43227340311542317,0.4767932851196356,3,Low-Engagement / Positive Sentiment
197,3,2617.0,2.0,2.0,Loan Payment,Medium Transaction Amount,-0.5881278124871396,-0.12333489621654822,3,Low-Engagement / Positive Sentiment
198,6,2923.0,10.0,7.0,Loan Payment,Medium Transaction Amount,0.7510412149250506,0.6714039475333257,0,High-Engagement / Positive Sentiment
199,4,2670.0,5.0,3.0,Loan Payment,Medium Transaction Amount,-0.0882949323933232,0.3799747266713594,0,High-Engagement / Positive Sentiment
200,2,2211.0,4.0,8.0,Purchase,Low Transaction Amount,-2.128709366083856,-0.5147524555805771,3,Low-Engagement / Positive Sentiment
201,5,1523.6,6.0,6.0,Purchase,Low Transaction Amount,-0.9232609692705495,0.4107091583665663,3,Low-Engagement / Positive Sentiment
202,10,2980.6,2.0,3.0,Bill Payment,Medium Transaction Amount,1.664671610288785,-0.4392996086127363,2,High-Engagement / Negative Sentiment
203,6,2650.1666666666665,4.0,8.0,Bill Payment,Medium Transaction Amount,0.29703305298752586,-1.0508739633796094,1,Low-Engagement / Negative Sentiment
204,4,1952.5,7.0,3.0,Bill Payment,Medium Transaction Amount,0.0864466665574337,0.888272604795248,0,High-Engagement / Positive Sentiment
205,3,2757.3333333333335,1.0,9.0,Bill Payment,Medium Transaction Amount,-0.9379675282818809,-1.9933367201858074,1,Low-Engagement / Negative Sentiment
206,2,1725.0,3.0,3.0,Purchase,Medium Transaction Amount,-0.9029021785986465,-0.09557697097176138,3,Low-Engagement / Positive Sentiment
207,6,3498.5,1.0,1.0,Purchase,Medium Transaction Amount,0.3339589502894542,-0.18219149825968348,2,High-Engagement / Negative Sentiment
208,4,2148.0,2.0,2.0,Bill Payment,Medium Transaction Amount,-0.2356841602739479,-0.12765161890641907,1,Low-Engagement / Negative Sentiment
209,4,954.75,9.0,4.0,Purchase,Low Transaction Amount,-0.9406334096637249,1.6385137840941753,3,Low-Engagement / Positive Sentiment
210,3,3839.3333333333335,10.0,2.0,Loan Payment,High Transaction Amount,1.0780189396538535,1.3797693835301539,0,High-Engagement / Positive Sentiment
211,4,2614.0,5.0,4.0,Investment,Medium Transaction Amount,-0.1743955473689533,0.12807673646614567,3,Low-Engagement / Positive Sentiment
212,2,2102.0,4.0,4.0,Purchase,Low Transaction Amount,-1.9543394615329774,0.41616605382581606,3,Low-Engagement / Positive Sentiment
213,5,953.2,4.0,4.0,Purchase,Low Transaction Amount,-0.9823653381827507,0.37670687264845676,3,Low-Engagement / Positive Sentiment
214,5,2288.0,8.0,1.0,Bill Payment,Medium Transaction Amount,0.5707676538767686,1.5903095693166447,0,High-Engagement / Positive Sentiment
215,6,2285.5,3.0,9.0,Purchase,Low Transaction Amount,-0.9494810050150935,-1.049825094712641,1,Low-Engagement / Negative Sentiment
216,6,2610.5,4.0,10.0,Purchase,Medium Transaction Amount,0.16106064683143845,-1.5275658337921088,1,Low-Engagement / Negative Sentiment
217,8,2375.875,2.0,7.0,Loan Payment,Medium Transaction Amount,0.8138666790746396,-1.3527483349368055,2,High-Engagement / Negative Sentiment
218,4,2586.5,6.0,2.0,Bill Payment,High Transaction Amount,1.1378839494917643,0.37652957999767067,2,High-Engagement / Negative Sentiment
219,6,1762.5,9.0,3.0,Bill Payment,Low Transaction Amount,-0.2002707307452062,1.8561699063701704,0,High-Engagement / Positive Sentiment
220,7,2534.4285714285716,4.0,8.0,Bill Payment,Low Transaction Amount,-0.45996503995283006,-0.5692851418335396,1,Low-Engagement / Negative Sentiment
221,2,3640.0,6.0,7.0,Purchase,Medium Transaction Amount,-0.8578381013680642,-0.27730316974619534,3,Low-Engagement / Positive Sentiment
222,6,3859.0,4.0,4.0,Purchase,High Transaction Amount,1.5036049710481874,-0.6259299516210416,2,High-Engagement / Negative Sentiment
223,6,1799.5,2.0,4.0,Purchase,Medium Transaction Amount,0.27632618247011564,-0.6306496101038251,1,Low-Engagement / Negative Sentiment
224,4,2318.0,6.0,9.0,Purchase,Medium Transaction Amount,-0.2970403047433524,-0.7690685452342981,1,Low-Engagement / Negative Sentiment
225,4,2824.0,7.0,5.0,Purchase,Medium Transaction Amount,-0.04952573959865373,0.4115807343827483,0,High-Engagement / Positive Sentiment
226,2,3878.5,4.0,5.0,Bill Payment,Medium Transaction Amount,-0.8681550163996172,-0.3000728397550018,3,Low-Engagement / Positive Sentiment
227,5,1988.2,5.65439672801636,7.0,Purchase,Low Transaction Amount,-0.9921324794376261,0.09167175971517176,3,Low-Engagement / Positive Sentiment
228,6,2328.1666666666665,8.0,1.0,Bill Payment,Medium Transaction Amount,0.8947590283268441,1.5771565089241915,0,High-Engagement / Positive Sentiment
229,3,1991.3333333333333,3.0,3.0,Investment,Medium Transaction Amount,-0.6010837668689496,-0.12550211621110913,3,Low-Engagement / Positive Sentiment
230,5,2233.1,2.0,2.0,Investment,Medium Transaction Amount,0.017346797575100666,-0.16880937985506989,1,Low-Engagement / Negative Sentiment
231,5,1411.1,5.0,10.0,Loan Payment,Low Transaction Amount,-1.1504403582977165,-0.7675438432437592,1,Low-Engagement / Negative Sentiment
232,4,3838.25,2.0,6.0,Loan Payment,Medium Transaction Amount,-0.4385063425879428,-1.0674064660153948,1,Low-Engagement / Negative Sentiment
233,5,2187.2,10.0,6.0,Purchase,Medium Transaction Amount,0.4503071404951629,0.9148903572706563,0,High-Engagement / Positive Sentiment
234,6,2321.0,5.0,10.0,Investment,Low Transaction Amount,-0.8689571226855514,-0.7998652664898277,1,Low-Engagement / Negative Sentiment
235,2,3898.5,10.0,1.0,Purchase,Medium Transaction Amount,-0.3037046021664655,2.117997675206007,0,High-Engagement / Positive Sentiment
236,6,2343.8333333333335,6.0,6.0,Investment,Medium Transaction Amount,0.45954690984957863,-0.11395786881130406,2,High-Engagement / Negative Sentiment
237,1,4888.0,8.0,10.0,Bill Payment,High Transaction Amount,-0.03654066177257827,-0.9463867172164503,1,Low-Engagement / Negative Sentiment
238,2,1633.5,6.0,2.0,Purchase,Low Transaction Amount,-1.7208651880698975,1.381086848950319,3,Low-Engagement / Positive Sentiment
239,4,2020.5,4.0,4.0,Purchase,Medium Transaction Amount,-0.22536724524239482,-0.10488194889761282,1,Low-Engagement / Negative Sentiment
240,7,1957.0,3.0,6.0,Investment,Low Transaction Amount,-0.516885164872238,-0.38156135789719386,1,Low-Engagement / Negative Sentiment
241,8,2302.625,2.0,3.0,Investment,Medium Transaction Amount,0.9457284447876075,-0.44099818838402777,2,High-Engagement / Negative Sentiment
242,4,3926.5,1.0,3.0,Loan Payment,High Transaction Amount,0.7001158926218273,-1.1136902361097758,2,High-Engagement / Negative Sentiment
243,5,2419.4,2.0,3.0,Investment,Medium Transaction Amount,-0.026245678562618974,-0.4015390072066684,1,Low-Engagement / Negative Sentiment
244,10,2535.6,2.0,4.0,Purchase,Medium Transaction Amount,1.5722916802704172,-0.6832618516736376,2,High-Engagement / Negative Sentiment
245,8,2545.5,5.0,9.0,Bill Payment,Medium Transaction Amount,0.9745679863437775,-1.0601789413054608,2,High-Engagement / Negative Sentiment
246,8,1636.875,9.0,4.0,Bill Payment,Low Transaction Amount,0.40411954201722505,1.597134158233666,0,High-Engagement / Positive Sentiment
247,6,2029.3333333333333,1.0,4.0,Bill Payment,Medium Transaction Amount,0.25196897575694355,-0.8691477646051753,1,Low-Engagement / Negative Sentiment
248,3,2810.0,4.0,4.0,Purchase,Medium Transaction Amount,-0.5493586196924702,-0.0917288885051597,3,Low-Engagement / Positive Sentiment
249,5,3354.2,10.0,7.0,Investment,High Transaction Amount,1.465531169027496,0.17064676313364055,2,High-Engagement / Negative Sentiment
250,3,2244.0,7.0,5.0,Purchase,Medium Transaction Amount,-0.37351711404872917,0.4247337947752014,3,Low-Engagement / Positive Sentiment
251,3,1499.0,10.0,2.0,Purchase,Medium Transaction Amount,-0.023305703854109544,1.8721149874619558,0,High-Engagement / Positive Sentiment
252,2,1727.0,3.0,7.0,Purchase,Medium Transaction Amount,-1.077272083149525,-1.0264954803781547,1,Low-Engagement / Negative Sentiment
253,6,2290.75,8.0,3.0,Investment,Medium Transaction Amount,0.7366136594503779,1.0836925536647972,0,High-Engagement / Positive Sentiment
254,5,3389.4,3.0,1.0,Investment,High Transaction Amount,1.215073401697072,-0.18109086423134133,2,High-Engagement / Negative Sentiment
255,4,2424.75,8.0,9.0,Purchase,Medium Transaction Amount,-0.15075098355571193,-0.2696070048129918,1,Low-Engagement / Negative Sentiment
256,3,1633.3333333333333,2.0,5.0,Loan Payment,Medium Transaction Amount,-0.7189052409002985,-0.8215237782713433,1,Low-Engagement / Negative Sentiment
257,5,2091.4,5.0,10.0,Purchase,Medium Transaction Amount,-0.08978606702481676,-1.2646820031890027,1,Low-Engagement / Negative Sentiment
258,6,3347.1666666666665,4.0,1.0,Loan Payment,Medium Transaction Amount,0.5737281081884467,0.5693970903789969,0,High-Engagement / Positive Sentiment
259,7,3566.0,9.0,1.0,Bill Payment,Medium Transaction Amount,1.2918950633707396,1.8137342187423915,0,High-Engagement / Positive Sentiment
260,9,2719.5555555555557,3.0,1.0,Bill Payment,High Transaction Amount,2.5819993160984005,-0.20569840524495608,2,High-Engagement / Negative Sentiment
261,5,2198.8,5.0,9.0,Purchase,Low Transaction Amount,-1.1271830582775286,-0.5372104938988816,3,Low-Engagement / Positive Sentiment
262,7,3195.4285714285716,10.0,8.0,Bill Payment,Medium Transaction Amount,1.0598923910005227,0.4343575974918563,2,High-Engagement / Negative Sentiment
263,7,1952.2857142857142,9.0,6.0,Loan Payment,Medium Transaction Amount,1.045480404919025,0.6412497442818177,0,High-Engagement / Positive Sentiment
264,4,1067.25,6.0,10.0,Investment,Low Transaction Amount,-1.443795210991882,-0.5238283754942684,3,Low-Engagement / Positive Sentiment
265,5,2182.4,2.0,6.0,Purchase,Low Transaction Amount,-1.2158396116458305,-0.588213922476046,3,Low-Engagement / Positive Sentiment
266,2,818.0,1.0,6.0,Purchase,Low Transaction Amount,-2.260958395589877,-0.79848551150934,3,Low-Engagement / Positive Sentiment
267,5,3034.8,1.0,4.0,Purchase,Medium Transaction Amount,-0.12080985257378007,-0.8672273199220252,1,Low-Engagement / Negative Sentiment
268,2,843.0,7.0,5.0,Purchase,Low Transaction Amount,-1.7784979558892362,0.9326287371061772,3,Low-Engagement / Positive Sentiment
269,5,1812.2,2.0,10.0,Loan Payment,Medium Transaction Amount,-0.2888848726887457,-2.0114780358142412,1,Low-Engagement / Negative Sentiment
270,6,2319.0,7.0,3.0,Investment,Medium Transaction Amount,0.6634689988565577,0.8339617834541441,0,High-Engagement / Positive Sentiment
271,7,1969.5714285714287,1.0,3.0,Purchase,Low Transaction Amount,-0.510224094926341,-0.16606193141681055,1,Low-Engagement / Negative Sentiment
272,5,2937.0,4.0,10.0,Bill Payment,Medium Transaction Amount,-0.11414327373798878,-1.5031801576903527,1,Low-Engagement / Negative Sentiment
273,7,2329.5714285714284,10.0,7.0,Loan Payment,Medium Transaction Amount,1.0750325893751258,0.6582508871408724,0,High-Engagement / Positive Sentiment
274,4,1903.5,4.0,5.0,Purchase,Low Transaction Amount,-1.349949188770546,0.1571303056893115,3,Low-Engagement / Positive Sentiment
275,5,1419.6,5.0,8.0,Investment,Low Transaction Amount,-1.1057635448601877,-0.32125295139417803,3,Low-Engagement / Positive Sentiment
276,8,2977.3125,10.0,5.0,Loan Payment,Medium Transaction Amount,1.4862089161006407,1.1105570814516161,0,High-Engagement / Positive Sentiment
277,4,2884.5,1.0,4.0,Investment,Medium Transaction Amount,-0.46697418974423427,-0.8708463443764668,1,Low-Engagement / Negative Sentiment
278,7,2362.8571428571427,7.0,3.0,Purchase,Medium Transaction Amount,1.0096333360270118,0.8375808079085856,0,High-Engagement / Positive Sentiment
279,6,1527.3333333333333,2.0,2.0,Purchase,Low Transaction Amount,-0.7174783326448765,0.3295515265378942,3,Low-Engagement / Positive Sentiment
280,2,2167.5,2.0,3.0,Investment,Low Transaction Amount,-2.079209269303277,0.13266205590921357,3,Low-Engagement / Positive Sentiment
281,7,3667.1428571428573,8.0,7.0,Bill Payment,High Transaction Amount,2.038185013341033,-0.32711619751637416,2,High-Engagement / Negative Sentiment
282,1,2539.0,9.0,8.0,Purchase,Medium Transaction Amount,-1.0059879701743983,0.2523125739266189,3,Low-Engagement / Positive Sentiment
283,6,2724.5,6.0,5.0,Loan Payment,Low Transaction Amount,-0.5353419425652226,0.6326820033324324,3,Low-Engagement / Positive Sentiment
284,3,3034.3333333333335,1.0,1.0,Loan Payment,Low Transaction Amount,-1.6986694643336717,0.3544058428629194,3,Low-Engagement / Positive Sentiment
285,5,3396.0,1.0,3.0,Loan Payment,Medium Transaction Amount,-0.056882200318528725,-0.632101414563706,1,Low-Engagement / Negative Sentiment
286,7,2006.857142857143,7.0,4.0,Bill Payment,Medium Transaction Amount,1.0148283137699403,0.6160837962662904,0,High-Engagement / Positive Sentiment
287,6,1740.3333333333333,8.0,10.0,Investment,Low Transaction Amount,-0.6495231409040906,-0.050672955857868365,3,Low-Engagement / Positive Sentiment
288,7,2837.5714285714284,3.0,4.0,Loan Payment,Medium Transaction Amount,0.693797393631543,-0.39167562227890446,2,High-Engagement / Negative Sentiment
289,3,2256.6666666666665,9.0,1.0,Loan Payment,Medium Transaction Amount,-0.0325227121926785,1.8575101226096218,0,High-Engagement / Positive Sentiment
290,8,3096.75,4.0,10.0,Purchase,High Transaction Amount,1.8900328631220207,-2.0486138365155377,2,High-Engagement / Negative Sentiment
291,2,1864.75,4.0,9.0,Purchase,Low Transaction Amount,-2.172301842221575,-0.7474820829321754,3,Low-Engagement / Positive Sentiment
292,3,1927.3333333333333,3.0,10.0,Loan Payment,Medium Transaction Amount,-0.8637229609950763,-1.7354411448186817,1,Low-Engagement / Negative Sentiment
293,3,2656.0,8.0,4.0,Purchase,Low Transaction Amount,-1.3377694447076207,1.4019360742759752,3,Low-Engagement / Positive Sentiment
294,7,1885.2857142857142,9.0,2.0,Purchase,Low Transaction Amount,0.11852566596194065,2.0645138576200126,0,High-Engagement / Positive Sentiment
295,6,3259.0,1.0,9.0,Purchase,Medium Transaction Amount,-0.01478085881230268,-2.04402851707247,1,Low-Engagement / Negative Sentiment
296,5,2715.8,2.0,4.0,Bill Payment,Medium Transaction Amount,0.0011222619006883375,-0.6062639340020689,1,Low-Engagement / Negative Sentiment
297,8,2857.75,1.0,4.0,Purchase,Medium Transaction Amount,0.8511642707764463,-0.9066865010993846,2,High-Engagement / Negative Sentiment
298,4,3282.5,4.0,6.0,Bill Payment,Medium Transaction Amount,-0.26376474363718583,-0.5591085878915062,1,Low-Engagement / Negative Sentiment
299,2,4135.0,10.0,8.0,Purchase,Medium Transaction Amount,-0.6088519351305027,0.48889028374481897,3,Low-Engagement / Positive Sentiment
300,5,1827.5,7.0,5.0,Investment,Medium Transaction Amount,0.25229267213104306,0.38165558914340053,0,High-Engagement / Positive Sentiment
301,5,3857.4,7.0,8.0,Loan Payment,High Transaction Amount,1.2450128499462259,-0.7921068119963016,2,High-Engagement / Negative Sentiment
302,7,2523.1428571428573,6.0,1.0,Investment,Low Transaction Amount,-0.07948880240217919,1.531279089492757,0,High-Engagement / Positive Sentiment
303,5,2297.4,5.0,4.0,Purchase,Medium Transaction Amount,0.17176878980150087,0.13169576092058718,0,High-Engagement / Positive Sentiment
304,8,1966.375,4.0,1.0,Bill Payment,Low Transaction Amount,0.1691736674612828,1.0466691892351954,0,High-Engagement / Positive Sentiment
305,4,3168.25,8.0,3.0,Loan Payment,Medium Transaction Amount,0.13113904938813753,1.129167037303319,0,High-Engagement / Positive Sentiment
306,3,2842.6666666666665,7.0,7.0,Bill Payment,Low Transaction Amount,-1.4929040798339517,0.4652490377198304,3,Low-Engagement / Positive Sentiment
307,9,1968.4444444444443,10.0,1.0,Loan Payment,Low Transaction Amount,0.9035807277111633,2.5230644124040786,0,High-Engagement / Positive Sentiment
308,10,2646.2,1.0,5.0,Investment,Medium Transaction Amount,1.4333815808184989,-1.1824943340827838,2,High-Engagement / Negative Sentiment
309,3,2583.3333333333335,6.0,1.0,Purchase,Medium Transaction Amount,-0.27229187009167094,1.1059215339709416,0,High-Engagement / Positive Sentiment
310,8,1977.625,2.0,6.0,Bill Payment,Low Transaction Amount,-0.19507803441495578,-0.6164404879441023,1,Low-Engagement / Negative Sentiment
311,3,1682.6666666666667,4.0,9.0,Loan Payment,Medium Transaction Amount,-0.7469858242635364,-1.2529807472564305,1,Low-Engagement / Negative Sentiment
312,7,2998.285714285714,5.0,3.0,Investment,Medium Transaction Amount,0.8411710521189927,0.32134718264038464,2,High-Engagement / Negative Sentiment
313,4,2054.25,8.0,6.0,Loan Payment,Medium Transaction Amount,0.0003616209749786863,0.43097815524852395,0,High-Engagement / Positive Sentiment
314,4,2501.25,6.0,4.0,Purchase,Medium Transaction Amount,-0.07907792405475436,0.39457959152369343,0,High-Engagement / Positive Sentiment
315,1,4825.0,2.0,6.0,Loan Payment,High Transaction Amount,-0.3294909985477376,-1.522689166776558,1,Low-Engagement / Negative Sentiment
316,6,2951.3333333333335,5.0,2.0,Purchase,Medium Transaction Amount,0.5829451165270155,0.5840019552313309,0,High-Engagement / Positive Sentiment
317,4,2425.75,5.0,4.0,Purchase,Medium Transaction Amount,-0.15222258464857458,0.1448488213130403,0,High-Engagement / Positive Sentiment
318,3,3292.3333333333335,6.0,7.0,Purchase,High Transaction Amount,0.5471427404724428,-0.785198112077171,2,High-Engagement / Negative Sentiment
319,3,2628.3333333333335,1.0,6.0,Investment,Low Transaction Amount,-1.9591399838601804,-0.8284106567486876,3,Low-Engagement / Positive Sentiment
320,8,2423.8125,8.0,9.0,Purchase,Medium Transaction Amount,1.14521451424459,-0.3222192463828043,2,High-Engagement / Negative Sentiment
321,6,2707.6666666666665,3.0,7.0,Bill Payment,Medium Transaction Amount,0.2674808685314252,-1.067875106238664,1,Low-Engagement / Negative Sentiment
322,2,2871.0,5.0,1.0,Bill Payment,Medium Transaction Amount,-0.6206404512549184,0.8805764398620447,3,Low-Engagement / Positive Sentiment
323,1,2816.0,7.0,6.0,Loan Payment,Medium Transaction Amount,-1.0447571629690677,0.22070656621523008,3,Low-Engagement / Positive Sentiment
324,2,1196.0,3.0,3.0,Bill Payment,Low Transaction Amount,-1.93510419210843,0.41039752667606433,3,Low-Engagement / Positive Sentiment
325,4,3344.0,10.0,8.0,Loan Payment,Medium Transaction Amount,0.05946598988717998,0.46498044096663355,0,High-Engagement / Positive Sentiment
326,3,2327.0,6.0,1.0,Purchase,Low Transaction Amount,-1.3532813374821024,1.6006634159094641,3,Low-Engagement / Positive Sentiment
327,2,1846.0,5.0,10.0,Purchase,Medium Transaction Amount,-1.061760190375043,-1.2252228220116432,1,Low-Engagement / Negative Sentiment
328,5,1746.8,7.0,2.0,Purchase,Medium Transaction Amount,0.4052430632645806,1.0966165560450902,0,High-Engagement / Positive Sentiment
329,7,2677.714285714286,10.0,3.0,Investment,Medium Transaction Amount,1.2068943550880937,1.5700010336936503,0,High-Engagement / Positive Sentiment
330,6,3143.75,3.0,3.0,Purchase,Medium Transaction Amount,0.39306331920165544,-0.14818921254157386,2,High-Engagement / Negative Sentiment
331,6,2236.3333333333335,2.0,7.0,Bill Payment,Medium Transaction Amount,0.194336207937605,-1.317605876449317,1,Low-Engagement / Negative Sentiment
332,4,1677.5,4.0,8.0,Loan Payment,Low Transaction Amount,-1.460391441066173,-0.5386622983587626,3,Low-Engagement / Positive Sentiment
333,8,2551.25,3.0,9.0,Purchase,Medium Transaction Amount,0.7794912112754888,-1.5708730974360698,1,Low-Engagement / Negative Sentiment
334,5,1894.7,4.0,7.0,Purchase,Medium Transaction Amount,-0.032153299205478186,-0.8162238913448608,1,Low-Engagement / Negative Sentiment
335,5,2744.8,7.0,8.0,Bill Payment,Medium Transaction Amount,0.19247566031891114,-0.28852859235519673,1,Low-Engagement / Negative Sentiment
336,7,1395.5714285714287,5.0,6.0,Purchase,Low Transaction Amount,-0.34842288096421886,0.134672267371007,3,Low-Engagement / Positive Sentiment
337,6,3094.5833333333335,4.0,2.0,Purchase,Medium Transaction Amount,0.5098004559331953,0.3342711850206778,0,High-Engagement / Positive Sentiment
338,6,4203.666666666667,6.0,1.0,Bill Payment,High Transaction Amount,1.8294591745296347,0.5829530865643626,2,High-Engagement / Negative Sentiment
339,6,2062.3333333333335,7.0,3.0,Purchase,Medium Transaction Amount,0.6856419615769365,0.8507338683010387,0,High-Engagement / Positive Sentiment
340,5,2682.8,5.0,9.0,Bill Payment,Medium Transaction Amount,0.0025938629935510164,-1.0207197601281013,1,Low-Engagement / Negative Sentiment
341,4,2964.75,7.0,7.0,Loan Payment,Medium Transaction Amount,-0.11637551575656119,-0.051482242313727604,1,Low-Engagement / Negative Sentiment
342,8,3008.625,3.0,2.0,Loan Payment,High Transaction Amount,2.185963187747489,-0.4341113099066834,2,High-Engagement / Negative Sentiment
343,5,2035.8,7.0,1.0,Bill Payment,Medium Transaction Amount,0.49762299328294846,1.3405787991059914,0,High-Engagement / Positive Sentiment
344,3,1252.3333333333333,3.0,2.0,Bill Payment,Low Transaction Amount,-1.5675203415206345,0.6299740936352098,3,Low-Engagement / Positive Sentiment
345,6,2360.1666666666665,6.0,3.0,Bill Payment,Medium Transaction Amount,0.6612847548637644,0.6122357137996887,0,High-Engagement / Positive Sentiment
346,6,2520.1666666666665,8.0,6.0,Bill Payment,Medium Transaction Amount,0.6767966476382461,0.41350837216619996,0,High-Engagement / Positive Sentiment
347,4,3102.75,6.0,9.0,Investment,High Transaction Amount,0.7617761999267002,-1.2805825120197154,2,High-Engagement / Negative Sentiment
348,6,2410.5,5.654396728016361,8.0,Loan Payment,High Transaction Amount,1.470580529773124,-1.141298413899204,2,High-Engagement / Negative Sentiment
349,5,2222.2,3.0,10.0,Loan Payment,Low Transaction Amount,-1.296729679485357,-1.2670053836650654,1,Low-Engagement / Negative Sentiment
350,5,3948.2,5.0,9.0,Investment,High Transaction Amount,1.0126229137829554,-1.5434663426228217,2,High-Engagement / Negative Sentiment
351,11,2675.7272727272725,9.0,8.0,Bill Payment,Medium Transaction Amount,2.282713228207004,0.13201458571139085,2,High-Engagement / Negative Sentiment
352,4,3340.75,8.0,7.0,Bill Payment,High Transaction Amount,1.0662108899908067,-0.2876570163390148,2,High-Engagement / Negative Sentiment
353,3,2083.0,6.0,6.0,Purchase,Low Transaction Amount,-1.5712437181707004,0.43701527915147254,3,Low-Engagement / Positive Sentiment
354,4,2598.75,9.0,8.0,Investment,Medium Transaction Amount,-0.05618680954455077,0.1960813079023649,0,High-Engagement / Positive Sentiment
355,1,4273.0,2.0,6.0,Bill Payment,High Transaction Amount,-0.3010387207846212,-1.513852829073976,1,Low-Engagement / Negative Sentiment
356,5,3099.2,9.0,2.0,Investment,High Transaction Amount,1.6103488891222737,1.0845641296809791,0,High-Engagement / Positive Sentiment
357,7,3284.5714285714284,10.0,9.0,Purchase,Medium Transaction Amount,0.967512460982155,0.190395354430955,2,High-Engagement / Negative Sentiment
358,2,949.0,10.0,9.0,Investment,Low Transaction Amount,-1.7556068413790324,0.7341304534848487,3,Low-Engagement / Positive Sentiment
359,3,1383.3333333333333,6.0,3.0,Purchase,Medium Transaction Amount,-0.35947682236711015,0.6404622792677449,0,High-Engagement / Positive Sentiment
360,7,3509.5714285714284,9.0,9.0,Purchase,High Transaction Amount,1.9753572677787659,-0.5540772977182208,2,High-Engagement / Negative Sentiment
361,7,2671.5714285714284,4.0,2.0,Purchase,Medium Transaction Amount,0.8337918303832709,0.3211181246282247,2,High-Engagement / Negative Sentiment
362,3,628.0,5.0,3.0,Loan Payment,Low Transaction Amount,-1.49327577423383,0.8878696690023352,3,Low-Engagement / Positive Sentiment
363,6,4304.666666666667,2.0,6.0,Purchase,High Transaction Amount,1.2701306975851077,-1.5908507467455446,2,High-Engagement / Negative Sentiment
364,2,4534.0,3.0,4.0,Investment,High Transaction Amount,0.11232184993368648,-0.8398205651087769,1,Low-Engagement / Negative Sentiment
365,5,3082.8,1.0,8.0,Loan Payment,Medium Transaction Amount,-0.2748445810071268,-1.7957495513216977,1,Low-Engagement / Negative Sentiment
366,5,2827.5,4.0,1.0,Investment,Medium Transaction Amount,0.20722859490046075,0.5633817879178346,0,High-Engagement / Positive Sentiment
367,4,2734.25,2.0,6.0,Investment,Medium Transaction Amount,-0.4810144814258533,-1.0865748288690102,1,Low-Engagement / Negative Sentiment
368,7,2627.1428571428573,2.0,2.0,Investment,Medium Transaction Amount,0.6653295464752517,-0.19511550063997612,2,High-Engagement / Negative Sentiment
369,5,2490.0,1.0,6.0,Investment,Medium Transaction Amount,-0.230167767569598,-1.3494586594721165,1,Low-Engagement / Negative Sentiment
370,7,2201.8571428571427,10.0,1.0,Loan Payment,Low Transaction Amount,0.2555979788110122,2.5493705331889847,0,High-Engagement / Positive Sentiment
371,2,4599.5,2.0,2.0,Purchase,High Transaction Amount,0.14853510433568434,-0.6073199957693385,1,Low-Engagement / Negative Sentiment
372,8,3358.375,4.0,9.0,Bill Payment,Medium Transaction Amount,0.9014233257499573,-1.3099097115161138,2,High-Engagement / Negative Sentiment
373,5,3448.6,6.0,6.0,Investment,Medium Transaction Amount,0.13555553539950319,-0.10080480841885095,1,Low-Engagement / Negative Sentiment
374,6,2313.8333333333335,7.0,8.0,Purchase,Medium Transaction Amount,0.46767958088833833,-0.3129142684569529,2,High-Engagement / Negative Sentiment
375,4,1931.75,7.0,7.0,Purchase,Low Transaction Amount,-1.2177001592645245,0.4408633616180742,3,Low-Engagement / Positive Sentiment
376,6,3045.1666666666665,7.0,9.0,Purchase,Medium Transaction Amount,0.4240871047506187,-0.5456438958085511,1,Low-Engagement / Negative Sentiment
377,4,900.0,4.0,9.0,Purchase,Low Transaction Amount,-1.5243190933214243,-0.7737882037170817,3,Low-Engagement / Positive Sentiment
378,9,1736.2777777777778,5.0,4.0,Loan Payment,Medium Transaction Amount,1.4880694637193344,0.08147979735749553,2,High-Engagement / Negative Sentiment
379,6,2436.6666666666665,3.0,7.0,Loan Payment,Low Transaction Amount,-0.8419608766221225,-0.5819695620027235,1,Low-Engagement / Negative Sentiment
380,5,3062.2,1.0,5.0,Purchase,Medium Transaction Amount,-0.16440232871149968,-1.0999569472736235,1,Low-Engagement / Negative Sentiment
381,3,1026.0,5.654396728016361,7.0,Investment,Low Transaction Amount,-1.6622881910581557,0.10120579565318359,3,Low-Engagement / Positive Sentiment
382,6,3509.6666666666665,10.0,4.0,Investment,Medium Transaction Amount,0.8393105045002989,1.3504244667345051,0,High-Engagement / Positive Sentiment
383,5,2249.6,7.0,10.0,Purchase,Low Transaction Amount,-1.0244862132276078,-0.2704785808291738,3,Low-Engagement / Positive Sentiment
385,4,3589.25,10.0,4.0,Purchase,Medium Transaction Amount,0.21350071832052667,1.393502672366306,0,High-Engagement / Positive Sentiment
386,5,4402.6,4.0,10.0,Purchase,High Transaction Amount,0.9180587397717944,-2.0091546553381785,1,Low-Engagement / Negative Sentiment
387,4,1424.25,5.0,3.0,Investment,Low Transaction Amount,-1.211792538621665,0.8555482457562666,3,Low-Engagement / Positive Sentiment
388,3,2432.0,5.0,9.0,Purchase,Medium Transaction Amount,-0.694176339787248,-1.0056462550524983,1,Low-Engagement / Negative Sentiment
389,7,2477.3571428571427,7.0,5.0,Investment,Medium Transaction Amount,0.900275421031194,0.3553494683584943,2,High-Engagement / Negative Sentiment
390,4,2328.5,9.0,4.0,Purchase,Medium Transaction Amount,0.1403560577267064,1.1437719021556527,0,High-Engagement / Positive Sentiment
391,2,2500.0,8.0,8.0,Purchase,Medium Transaction Amount,-0.7551412563181432,-0.010571256676487421,3,Low-Engagement / Positive Sentiment
392,2,3748.5,7.0,5.0,Purchase,Medium Transaction Amount,-0.6975084884988046,0.4378868551676545,3,Low-Engagement / Positive Sentiment
393,7,3195.0,1.0,3.0,Bill Payment,Medium Transaction Amount,0.6195528263447386,-0.64957119764603,2,High-Engagement / Negative Sentiment
394,4,2251.75,10.0,2.0,Bill Payment,Medium Transaction Amount,0.3494731244766141,1.8701945427788058,0,High-Engagement / Positive Sentiment
395,4,1591.25,6.0,8.0,Loan Payment,Low Transaction Amount,-1.3141021198785325,-0.03920075793745641,3,Low-Engagement / Positive Sentiment
396,5,74837.1,10.0,2.0,Loan Payment,Medium Transaction Amount,0.6450122211635732,1.8482051446837704,0,High-Engagement / Positive Sentiment
397,3,1954.0,9.0,8.0,Purchase,Medium Transaction Amount,-0.35800522127424755,0.22600645314171264,3,Low-Engagement / Positive Sentiment
398,4,3004.0,7.0,5.0,Purchase,Medium Transaction Amount,-0.04952573959865373,0.4115807343827483,0,High-Engagement / Positive Sentiment
399,5,2101.4,1.0,8.0,Bill Payment,Medium Transaction Amount,-0.24639230324401035,-1.7869132136191155,1,Low-Engagement / Negative Sentiment
400,5,3585.0,9.0,5.0,Purchase,High Transaction Amount,1.5017444234294934,0.4031473324730787,2,High-Engagement / Negative Sentiment
401,3,2907.3333333333335,3.0,1.0,Bill Payment,Low Transaction Amount,-1.5239278653829151,0.8627037209868079,3,Low-Engagement / Positive Sentiment
402,5,2899.6,9.0,2.0,Bill Payment,Medium Transaction Amount,0.6003198383328693,1.6073107121756995,0,High-Engagement / Positive Sentiment
403,3,3151.3333333333335,4.0,6.0,Investment,High Transaction Amount,0.4222729327021431,-1.0687021099937737,1,Low-Engagement / Negative Sentiment
404,2,803.5,9.0,3.0,Bill Payment,Low Transaction Amount,-1.4962362285455084,1.908782147939983,3,Low-Engagement / Positive Sentiment
405,7,2204.6428571428573,8.0,8.0,Purchase,Low Transaction Amount,-0.21617385145819726,0.4184053232997697,0,High-Engagement / Positive Sentiment
406,4,1826.5,7.0,5.0,Investment,Low Transaction Amount,-1.1526881697094638,0.8895505314743763,3,Low-Engagement / Positive Sentiment
407,5,1923.8,4.0,3.0,Bill Payment,Low Transaction Amount,-0.8899854081643829,0.6206691157093582,3,Low-Engagement / Positive Sentiment
408,3,3497.0,9.0,10.0,Purchase,Medium Transaction Amount,-0.44519017354968676,-0.239452801561484,1,Low-Engagement / Negative Sentiment
409,5,1951.4,4.0,7.0,Purchase,Medium Transaction Amount,-0.032153299205478186,-0.8162238913448608,1,Low-Engagement / Negative Sentiment
410,6,3537.6666666666665,1.0,8.0,Bill Payment,Medium Transaction Amount,0.07759907120606511,-1.8000662740115687,1,Low-Engagement / Negative Sentiment
411,2,3277.75,6.0,4.0,Purchase,Medium Transaction Amount,-0.7270606729549053,0.4208857123085996,3,Low-Engagement / Positive Sentiment
412,6,2228.3333333333335,4.0,9.0,Loan Payment,Low Transaction Amount,-0.8560011683037415,-0.7976980464952671,1,Low-Engagement / Negative Sentiment
413,6,2625.25,10.0,6.0,Loan Payment,Low Transaction Amount,-0.28635577632766124,1.3988754568234465,0,High-Engagement / Positive Sentiment
414,2,4001.0,3.0,1.0,Purchase,Medium Transaction Amount,-0.8157172263232072,0.3698822837314353,3,Low-Engagement / Positive Sentiment
415,4,1822.75,5.0,5.0,Investment,Low Transaction Amount,-1.2989774908971041,0.39008899105307,3,Low-Engagement / Positive Sentiment
416,7,2860.9285714285716,3.0,5.0,Purchase,Medium Transaction Amount,0.6298697413762917,-0.6268015276372235,2,High-Engagement / Negative Sentiment
418,2,3851.5,6.0,7.0,Bill Payment,Medium Transaction Amount,-0.809050647487416,-0.2660705540368923,3,Low-Engagement / Positive Sentiment
419,9,2314.222222222222,3.0,6.0,Bill Payment,Medium Transaction Amount,1.283047468019371,-0.8746046600644249,2,High-Engagement / Negative Sentiment
420,9,1903.7222222222222,5.0,8.0,Investment,Medium Transaction Amount,1.2711914203305454,-0.8686070749025131,2,High-Engagement / Negative Sentiment
421,4,2416.25,8.0,2.0,Bill Payment,Medium Transaction Amount,0.2031838032889736,1.3707330023574995,0,High-Engagement / Positive Sentiment
422,5,3494.3,8.0,7.0,Loan Payment,Medium Transaction Amount,0.28076051928733453,0.18509546750447245,0,High-Engagement / Positive Sentiment
423,9,2226.8888888888887,6.0,10.0,Purchase,Medium Transaction Amount,1.2793240913693054,-1.067563474548162,2,High-Engagement / Negative Sentiment
424,7,2408.5714285714284,5.0,7.0,Purchase,Low Transaction Amount,-0.3920153571019384,-0.09805735998059135,1,Low-Engagement / Negative Sentiment
425,2,3864.0,5.0,4.0,Bill Payment,Medium Transaction Amount,-0.7514178796680773,0.18238755780724958,3,Low-Engagement / Positive Sentiment
426,4,2999.25,1.0,10.0,Loan Payment,Medium Transaction Amount,-0.6860209077326413,-2.2480557456324415,1,Low-Engagement / Negative Sentiment
427,2,2875.0,2.0,2.0,Bill Payment,Medium Transaction Amount,-0.8836669091740987,-0.10134549812151283,3,Low-Engagement / Positive Sentiment
428,9,1738.6666666666667,4.0,4.0,Bill Payment,Low Transaction Amount,0.3623876134981992,0.33532724678794734,0,High-Engagement / Positive Sentiment
429,5,3096.4,6.0,4.0,Purchase,High Transaction Amount,1.3259029177857524,-0.11331535080728232,2,High-Engagement / Negative Sentiment
430,3,2618.6666666666665,7.0,6.0,Loan Payment,Low Transaction Amount,-1.4777638814593486,0.6891423273688466,3,Low-Engagement / Positive Sentiment
431,3,2403.0,1.0,7.0,Investment,Low Transaction Amount,-2.0027324599979,-1.061140284100286,3,Low-Engagement / Positive Sentiment
432,6,1709.6666666666667,8.0,3.0,Loan Payment,Low Transaction Amount,-0.30186766910214297,1.5976027984569352,0,High-Engagement / Positive Sentiment
434,3,4390.333333333333,9.0,1.0,Bill Payment,High Transaction Amount,1.0769190329608693,1.3716045783736812,0,High-Engagement / Positive Sentiment
435,6,1980.5,4.0,3.0,Purchase,Medium Transaction Amount,0.4662079797954757,0.1015415576690793,2,High-Engagement / Negative Sentiment
436,2,3259.0,7.0,9.0,Bill Payment,Medium Transaction Amount,-0.8230909391690349,-0.48179903852943573,1,Low-Engagement / Negative Sentiment
437,5,2601.6,6.0,1.0,Purchase,Medium Transaction Amount,0.37569087880847996,1.0796154131860354,0,High-Engagement / Positive Sentiment
438,4,2484.25,9.0,8.0,Investment,Low Transaction Amount,-1.1371762769349822,0.6908231898408875,3,Low-Engagement / Positive Sentiment
439,6,2370.5,2.0,2.0,Purchase,Medium Transaction Amount,0.36351113474555485,-0.16519035540062837,2,High-Engagement / Negative Sentiment
440,4,2452.75,7.0,6.0,Purchase,Medium Transaction Amount,-0.0931182157363733,0.17885110703114998,0,High-Engagement / Positive Sentiment
441,7,1789.142857142857,5.0,3.0,Investment,Low Transaction Amount,-0.23981841527143868,0.8160890645789073,0,High-Engagement / Positive Sentiment
442,5,2579.2,7.0,7.0,Loan Payment,Medium Transaction Amount,0.20761585869351432,-0.06463530270618073,1,Low-Engagement / Negative Sentiment
443,4,2345.25,1.0,2.0,Bill Payment,Medium Transaction Amount,-0.30882882086776803,-0.37738238911707234,1,Low-Engagement / Negative Sentiment
444,9,2035.6666666666667,10.0,4.0,Loan Payment,Medium Transaction Amount,1.8537927666884357,1.330133648410761,0,High-Engagement / Positive Sentiment
445,4,3337.5,9.0,10.0,Purchase,Medium Transaction Amount,-0.12119879909961123,-0.2526058619539371,1,Low-Engagement / Negative Sentiment
446,7,2895.285714285714,1.0,9.0,Bill Payment,High Transaction Amount,1.4389874369088522,-2.540690843694142,2,High-Engagement / Negative Sentiment
447,3,2368.0,5.0,6.0,Investment,Low Transaction Amount,-1.6665613414848996,0.17051242409392478,3,Low-Engagement / Positive Sentiment
448,1,4532.0,8.0,4.0,Bill Payment,High Transaction Amount,0.22501419505373926,0.4499910468931393,0,High-Engagement / Positive Sentiment
449,5,3126.6,1.0,2.0,Investment,High Transaction Amount,1.0251916043717118,-0.9132820320042456,2,High-Engagement / Negative Sentiment
450,9,2838.5,7.0,10.0,Purchase,Medium Transaction Amount,1.3524687519631255,-0.8178327043375089,2,High-Engagement / Negative Sentiment
451,1,1574.0,2.0,9.0,Investment,Medium Transaction Amount,-1.5837660331892383,-1.7453045297464458,1,Low-Engagement / Negative Sentiment
452,4,1495.75,7.0,4.0,Investment,Low Transaction Amount,-1.1090956935717444,1.1222801588259745,3,Low-Engagement / Positive Sentiment
453,4,1393.25,7.0,9.0,Investment,Low Transaction Amount,-1.3270580742603424,-0.04136797793201698,3,Low-Engagement / Positive Sentiment
454,5,2456.8,9.0,2.0,Bill Payment,Medium Transaction Amount,0.6003198383328693,1.6073107121756995,0,High-Engagement / Positive Sentiment
455,4,1703.75,6.0,7.0,Bill Payment,Low Transaction Amount,-1.2420573659776966,0.20236520711672412,3,Low-Engagement / Positive Sentiment
456,7,2382.1428571428573,4.0,5.0,Loan Payment,Low Transaction Amount,-0.3576398893027876,0.120067402518673,3,Low-Engagement / Positive Sentiment
457,3,2256.0,7.0,8.0,Investment,Low Transaction Amount,-1.6074569725726984,0.2045147098120344,3,Low-Engagement / Positive Sentiment
458,4,2455.25,7.0,8.0,Investment,Low Transaction Amount,-1.2834655981226226,0.19136164941958128,3,Low-Engagement / Positive Sentiment
459,6,2981.3333333333335,4.0,4.0,Loan Payment,Low Transaction Amount,-0.6380387876151434,0.36595009026272446,3,Low-Engagement / Positive Sentiment
460,4,2558.625,2.0,4.0,Investment,Medium Transaction Amount,-0.3938295291504141,-0.6211155741658135,1,Low-Engagement / Negative Sentiment
461,3,3585.6666666666665,9.0,8.0,Investment,Medium Transaction Amount,-0.3801781839946263,0.209234368294818,3,Low-Engagement / Positive Sentiment
462,6,1533.8333333333333,8.0,3.0,Bill Payment,Low Transaction Amount,-0.27341539133902654,1.6064391361595174,0,High-Engagement / Positive Sentiment
463,8,2461.5,5.0,7.0,Investment,Medium Transaction Amount,0.9907925220181896,-0.6227243871584617,2,High-Engagement / Negative Sentiment
464,5,2287.8,5.0,8.0,Investment,Low Transaction Amount,-1.1057635448601877,-0.32125295139417803,3,Low-Engagement / Positive Sentiment
465,7,2774.5714285714284,1.0,8.0,Purchase,Medium Transaction Amount,0.35280299177549235,-1.8244519501133247,1,Low-Engagement / Negative Sentiment
466,10,1805.5,9.0,10.0,Investment,Low Transaction Amount,0.7195870174900315,0.1464455727829723,2,High-Engagement / Negative Sentiment
467,3,4071.5,10.0,4.0,Loan Payment,High Transaction Amount,0.9908339873784143,0.9143101288269572,0,High-Engagement / Positive Sentiment
468,8,2276.25,8.0,9.0,Bill Payment,Medium Transaction Amount,1.1940019681252383,-0.31098663067350124,2,High-Engagement / Negative Sentiment
469,3,2064.6666666666665,5.654396728016361,10.0,Purchase,Medium Transaction Amount,-0.6899031893605044,-1.0749528834932394,1,Low-Engagement / Negative Sentiment
470,3,2596.3333333333335,10.0,4.0,Bill Payment,Medium Transaction Amount,-0.06170320224890058,1.417888348468062,0,High-Engagement / Positive Sentiment
471,8,1778.0,6.0,8.0,Loan Payment,Medium Transaction Amount,1.0628528453122006,-0.5865548814457914,2,High-Engagement / Negative Sentiment
472,2,2746.5,10.0,6.0,Bill Payment,Low Transaction Amount,-1.5538689963648467,1.4603240360958412,3,Low-Engagement / Positive Sentiment
473,5,3537.8,10.0,5.0,Purchase,Medium Transaction Amount,0.4938996166328825,1.1476199846222546,0,High-Engagement / Positive Sentiment
474,7,2146.0,8.0,4.0,Investment,Low Transaction Amount,-0.06397690962769759,1.3325517478592683,0,High-Engagement / Positive Sentiment
475,9,2502.5555555555557,6.0,5.0,Purchase,Medium Transaction Amount,1.4972864720579033,0.09608466220982956,2,High-Engagement / Negative Sentiment
476,6,2902.0,10.0,1.0,Purchase,Medium Transaction Amount,0.9922608956338365,2.0653854336361945,0,High-Engagement / Positive Sentiment
477,2,4132.5,4.0,7.0,Bill Payment,High Transaction Amount,0.12564949871537473,-1.2602739763967212,1,Low-Engagement / Negative Sentiment
478,5,2211.8,3.0,8.0,Loan Payment,Low Transaction Amount,-1.2095447272099178,-0.8015461289618687,1,Low-Engagement / Negative Sentiment
479,2,2647.0,7.0,9.0,Purchase,Medium Transaction Amount,-0.8718783930496831,-0.4930316542387388,1,Low-Engagement / Negative Sentiment
480,4,2121.75,2.0,3.0,Loan Payment,Low Transaction Amount,-1.3887183815652153,0.12552429797792275,3,Low-Engagement / Positive Sentiment
481,3,1838.6666666666667,7.0,9.0,Bill Payment,Medium Transaction Amount,-0.49909956471895933,-0.49495209892188874,1,Low-Engagement / Negative Sentiment
482,2,2918.5,1.0,10.0,Bill Payment,Low Transaction Amount,-2.3865408462601074,-1.71817140520643,1,Low-Engagement / Negative Sentiment
483,7,3194.285714285714,10.0,5.0,Purchase,High Transaction Amount,2.2228718329234645,0.6265719818988257,2,High-Engagement / Negative Sentiment
484,10,2171.6,5.0,10.0,Investment,Medium Transaction Amount,1.5079978425051817,-1.3472193899981628,2,High-Engagement / Negative Sentiment
485,2,1871.5,9.0,6.0,Purchase,Low Transaction Amount,-1.6758011108393154,1.199360650175885,3,Low-Engagement / Positive Sentiment
486,2,2828.5,1.0,1.0,Investment,Medium Transaction Amount,-0.9841795102312263,-0.14635134153676566,3,Low-Engagement / Positive Sentiment
487,3,1891.3333333333333,8.0,9.0,Purchase,Medium Transaction Amount,-0.4747423580057874,-0.2564539444205388,1,Low-Engagement / Negative Sentiment
488,4,2866.75,9.0,9.0,Purchase,Medium Transaction Amount,-0.07760632296189166,-0.019876234602338803,1,Low-Engagement / Negative Sentiment
489,5,2812.0,9.0,6.0,Investment,Medium Transaction Amount,0.3549895171809639,0.6483875022131085,0,High-Engagement / Positive Sentiment
490,5,2226.5,8.0,8.0,Investment,Medium Transaction Amount,0.19465990431170443,-0.0668025227007413,1,Low-Engagement / Negative Sentiment
491,3,3028.3333333333335,4.0,4.0,Bill Payment,Medium Transaction Amount,-0.500571165811822,-0.08049627279585662,3,Low-Engagement / Positive Sentiment
492,4,1918.375,7.0,5.0,Purchase,Medium Transaction Amount,-0.04952573959865373,0.4115807343827483,0,High-Engagement / Positive Sentiment
493,6,1417.5833333333333,1.0,5.0,Investment,Low Transaction Amount,-0.9435733843722343,-0.6351402105744487,1,Low-Engagement / Negative Sentiment
494,5,4204.4,7.0,7.0,Purchase,High Transaction Amount,1.2682701499664137,-0.5617734626514241,2,High-Engagement / Negative Sentiment
495,4,2193.0,6.0,7.0,Purchase,Low Transaction Amount,-1.2908448198583446,0.19113259140742106,3,Low-Engagement / Positive Sentiment
496,4,1364.5,5.0,7.0,Investment,Low Transaction Amount,-1.3861624431725437,-0.07537026365012668,3,Low-Engagement / Positive Sentiment
497,5,2998.0,1.0,5.0,Purchase,Medium Transaction Amount,-0.16440232871149968,-1.0999569472736235,1,Low-Engagement / Negative Sentiment
498,6,3055.5,8.0,4.0,Investment,Medium Transaction Amount,0.6930211833126584,0.8509629263131989,0,High-Engagement / Positive Sentiment
499,5,2411.6,10.0,8.0,Investment,Medium Transaction Amount,0.340949225499345,0.43265901772056486,0,High-Engagement / Positive Sentiment
500,7,3448.714285714286,1.0,1.0,Purchase,High Transaction Amount,1.7389397921299607,-0.690086440590659,2,High-Engagement / Negative Sentiment
501,5,2975.8,1.0,1.0,Investment,High Transaction Amount,1.068784080509431,-0.6805524046526474,2,High-Engagement / Negative Sentiment
502,2,2003.0,3.0,6.0,Purchase,Low Transaction Amount,-2.1146690744022365,-0.29902397108803364,3,Low-Engagement / Positive Sentiment
503,5,1698.8,8.0,2.0,Bill Payment,Low Transaction Amount,-0.5538142896513822,1.852321823903569,0,High-Engagement / Positive Sentiment
504,4,1037.25,8.0,3.0,Purchase,Low Transaction Amount,-0.9701855941198256,1.6215126412351206,3,Low-Engagement / Positive Sentiment
505,2,2325.0,7.0,4.0,Loan Payment,Low Transaction Amount,-1.7145703036339848,1.167754642464496,3,Low-Engagement / Positive Sentiment
506,10,2521.2,5.0,2.0,Bill Payment,Medium Transaction Amount,1.9276980682079654,0.5426223293708217,2,High-Engagement / Negative Sentiment
507,4,2298.5,8.0,10.0,Purchase,Medium Transaction Amount,-0.19434345969343148,-0.50233663216459,1,Low-Engagement / Negative Sentiment
508,5,2311.0,2.0,7.0,Investment,Medium Transaction Amount,-0.20061558311349742,-1.3324575166130617,1,Low-Engagement / Negative Sentiment
509,7,3236.285714285714,8.0,10.0,Investment,Medium Transaction Amount,0.7554577009364162,-0.558567898188844,2,High-Engagement / Negative Sentiment
510,4,3276.5,2.0,1.0,Loan Payment,Medium Transaction Amount,-0.22054396189934472,0.09624167074259679,3,Low-Engagement / Positive Sentiment
511,10,2771.9,10.0,3.0,Bill Payment,High Transaction Amount,3.330818362429778,1.063804671133966,2,High-Engagement / Negative Sentiment
512,6,1838.5,5.0,2.0,Purchase,Medium Transaction Amount,0.5829451165270155,0.5840019552313309,0,High-Engagement / Positive Sentiment
513,5,1972.6,4.0,9.0,Purchase,Low Transaction Amount,-1.2003277188713488,-0.7869412641095347,1,Low-Engagement / Negative Sentiment
514,4,2175.5,1.0,8.0,Purchase,Medium Transaction Amount,-0.6191711315747339,-1.7849927689359655,1,Low-Engagement / Negative Sentiment
515,4,3167.5,5.0,3.0,Bill Payment,Medium Transaction Amount,-0.05984265463020677,0.38881106437394164,0,High-Engagement / Positive Sentiment
516,7,3480.3571428571427,7.0,5.0,Bill Payment,Medium Transaction Amount,0.9712358376322209,0.383354168914692,2,High-Engagement / Negative Sentiment
517,3,434.3333333333333,1.0,3.0,Bill Payment,Low Transaction Amount,-1.7574021388459946,-0.10221707413769499,3,Low-Engagement / Positive Sentiment
518,7,2529.4285714285716,2.0,6.0,Investment,Medium Transaction Amount,0.49095964192437314,-1.1260340100463695,1,Low-Engagement / Negative Sentiment
519,7,3098.1428571428573,9.0,5.0,Bill Payment,Medium Transaction Amount,1.1175251588198614,0.8828157093359983,0,High-Engagement / Positive Sentiment
520,8,3297.25,5.0,2.0,Investment,High Transaction Amount,2.289744370097219,0.04618186766100736,2,High-Engagement / Negative Sentiment
521,3,144144.0,7.0,10.0,Investment,Medium Transaction Amount,-0.6136524574577059,-0.7556864268296848,1,Low-Engagement / Negative Sentiment
522,9,2586.5555555555557,2.0,8.0,Purchase,Medium Transaction Amount,1.0739304012694635,-1.6010273006875777,2,High-Engagement / Negative Sentiment
523,3,2573.6666666666665,7.0,6.0,Investment,Medium Transaction Amount,-0.43928255290682755,0.17523208257670847,3,Low-Engagement / Positive Sentiment
524,3,2118.3333333333335,7.0,3.0,Purchase,Medium Transaction Amount,-0.28633216177328996,0.8901930494783981,0,High-Engagement / Positive Sentiment
525,8,2192.125,7.0,1.0,Bill Payment,Low Transaction Amount,0.38860764924274355,1.7958614998671547,0,High-Engagement / Positive Sentiment
526,7,2258.4285714285716,5.0,5.0,Loan Payment,Medium Transaction Amount,0.796494238681464,-0.12494370920919651,2,High-Engagement / Negative Sentiment
527,9,1826.5,9.0,2.0,Purchase,Medium Transaction Amount,1.847497882252523,1.543465854896584,0,High-Engagement / Positive Sentiment
528,7,2680.5714285714284,2.0,2.0,Bill Payment,High Transaction Amount,1.81727943046671,-0.661852682022301,2,High-Engagement / Negative Sentiment
529,5,2541.2,4.0,9.0,Loan Payment,Medium Transaction Amount,-0.09900307536338565,-1.2792868680413365,1,Low-Engagement / Negative Sentiment
530,11,3389.181818181818,10.0,10.0,Purchase,Medium Transaction Amount,2.2198854826447367,-0.09494651449045556,2,High-Engagement / Negative Sentiment
531,5,1982.0,8.0,7.0,Purchase,Medium Transaction Amount,0.26042534316980276,0.18269918949775166,0,High-Engagement / Positive Sentiment
532,5,1532.8,1.0,6.0,Bill Payment,Low Transaction Amount,-1.2401968183590024,-0.8267120769773961,1,Low-Engagement / Negative Sentiment
533,7,2068.714285714286,9.0,1.0,Purchase,Low Transaction Amount,0.16211814209966022,2.297243484971611,0,High-Engagement / Positive Sentiment
534,5,2521.6,5.0,10.0,Bill Payment,Medium Transaction Amount,-0.040998613144168555,-1.2534493874796997,1,Low-Engagement / Negative Sentiment
535,5,3508.3,3.0,2.0,Bill Payment,High Transaction Amount,1.242441342160379,-0.3858157910267418,2,High-Engagement / Negative Sentiment
536,4,2826.0,4.0,7.0,Bill Payment,Medium Transaction Amount,-0.30735721977490543,-0.7918382152431046,1,Low-Engagement / Negative Sentiment
537,7,2606.785714285714,1.0,3.0,Loan Payment,Medium Transaction Amount,0.5911005485816222,-0.6584075353486123,2,High-Engagement / Negative Sentiment
538,5,3001.2,5.65439672801636,2.0,Purchase,Medium Transaction Amount,0.3068193686414033,0.760578014534641,0,High-Engagement / Positive Sentiment
539,3,2719.6666666666665,8.0,6.0,Investment,Low Transaction Amount,-1.4471273597034386,0.9197047347258842,3,Low-Engagement / Positive Sentiment
540,7,1778.857142857143,2.0,8.0,Bill Payment,Medium Transaction Amount,0.4747351062499608,-1.5634885641933685,1,Low-Engagement / Negative Sentiment
541,4,2994.5,2.0,8.0,Bill Payment,Medium Transaction Amount,-0.4972390171002655,-1.5240293830160092,1,Low-Engagement / Negative Sentiment
542,8,2302.0625,9.0,2.0,Purchase,Medium Transaction Amount,1.5235065078024475,1.5566189152890373,0,High-Engagement / Positive Sentiment
543,5,2742.6,5.0,6.0,Purchase,Medium Transaction Amount,0.08458383752606166,-0.33376349378260944,1,Low-Engagement / Negative Sentiment
544,5,2033.8,5.0,5.0,Bill Payment,Low Transaction Amount,-0.9040256998460019,0.40494063121681456,3,Low-Engagement / Positive Sentiment
545,2,1929.5,1.0,7.0,Purchase,Medium Transaction Amount,-1.2235614043371654,-1.5259570207994608,1,Low-Engagement / Negative Sentiment
546,2,2037.0,6.0,4.0,Purchase,Medium Transaction Amount,-0.7270606729549053,0.4208857123085996,3,Low-Engagement / Positive Sentiment
547,3,620.0,8.0,2.0,Loan Payment,Low Transaction Amount,-1.2302493163146497,1.8697916069858929,3,Low-Engagement / Positive Sentiment
548,7,2125.9285714285716,6.0,10.0,Loan Payment,Low Transaction Amount,-0.42931294880374515,-0.5441191938180123,1,Low-Engagement / Negative Sentiment
549,4,3626.5,7.0,3.0,Loan Payment,Medium Transaction Amount,0.05799438879431727,0.8794362670926658,0,High-Engagement / Positive Sentiment
550,5,2432.4,4.0,9.0,Bill Payment,Medium Transaction Amount,-0.07055079760026922,-1.2704505303387543,1,Low-Engagement / Negative Sentiment
551,1,820.0,2.0,10.0,Loan Payment,Low Transaction Amount,-2.6658398378794788,-1.464123912305906,3,Low-Engagement / Positive Sentiment
552,4,2736.125,1.0,8.0,Purchase,Medium Transaction Amount,-0.6191711315747339,-1.7849927689359655,1,Low-Engagement / Negative Sentiment
553,4,2057.75,6.0,9.0,Purchase,Low Transaction Amount,-1.3780297721337837,-0.27432666329577554,3,Low-Engagement / Positive Sentiment
554,2,4271.0,9.0,5.0,Investment,High Transaction Amount,0.5075973373588885,0.42583442880354344,0,High-Engagement / Positive Sentiment
555,6,2657.0,10.0,5.0,Loan Payment,Medium Transaction Amount,0.8382261672004898,1.1368632022365224,0,High-Engagement / Positive Sentiment
556,1,2167.0,5.0,7.0,Loan Payment,Medium Transaction Amount,-1.2346389602944279,-0.5114846015576744,3,Low-Engagement / Positive Sentiment
557,8,2478.125,2.0,7.0,Purchase,Medium Transaction Amount,0.7935315029571078,-1.3551446129435263,2,High-Engagement / Negative Sentiment
558,3,1149.3333333333333,1.0,1.0,Purchase,Low Transaction Amount,-1.7190046404512036,0.3520095648561986,3,Low-Engagement / Positive Sentiment
559,4,3489.625,5.65439672801636,5.0,Investment,Medium Transaction Amount,-0.1701223969422097,0.05877010802540433,1,Low-Engagement / Negative Sentiment
560,6,2236.1666666666665,4.0,8.0,Loan Payment,Medium Transaction Amount,0.26858077522440943,-1.0597103010821916,1,Low-Engagement / Negative Sentiment
561,6,1824.8333333333333,7.0,7.0,Loan Payment,Medium Transaction Amount,0.5316072331435897,-0.07778836309863384,2,High-Engagement / Negative Sentiment
562,6,2333.5,9.0,2.0,Purchase,Medium Transaction Amount,0.8755237589022966,1.5829250360739433,0,High-Engagement / Positive Sentiment
563,3,3090.0,8.0,8.0,Bill Payment,Medium Transaction Amount,-0.38236242798741954,-0.01249170135963746,3,Low-Engagement / Positive Sentiment
564,3,1430.6666666666667,9.0,2.0,Investment,Low Transaction Amount,-1.1996127945587398,2.1003540143429302,3,Low-Engagement / Positive Sentiment
565,7,1891.4285714285713,7.0,10.0,Purchase,Medium Transaction Amount,0.7044860030629746,-0.7915265835526026,2,High-Engagement / Negative Sentiment
566,5,1634.4,10.0,1.0,Loan Payment,Medium Transaction Amount,0.6886046973012927,2.0809347720353686,0,High-Engagement / Positive Sentiment
567,5,2859.9,8.0,3.0,Purchase,Medium Transaction Amount,0.4347952477206812,1.1136176989041449,0,High-Engagement / Positive Sentiment
568,6,2388.3333333333335,8.0,3.0,Bill Payment,Medium Transaction Amount,0.8075740760514049,1.1116972542209949,0,High-Engagement / Positive Sentiment
569,4,2778.0,1.0,6.0,Investment,High Transaction Amount,0.5268303253707579,-1.8310474810181863,1,Low-Engagement / Negative Sentiment
570,7,2770.3571428571427,9.0,3.0,Loan Payment,Medium Transaction Amount,1.1762578333321838,1.3394386263366125,0,High-Engagement / Positive Sentiment
571,2,3660.5,2.0,7.0,Purchase,Medium Transaction Amount,-1.1504167437433452,-1.2762262505888076,1,Low-Engagement / Negative Sentiment
572,1,2123.0,7.0,8.0,Purchase,Medium Transaction Amount,-1.152277291362039,-0.2471489664946874,3,Low-Engagement / Positive Sentiment
573,4,4023.25,10.0,3.0,Bill Payment,High Transaction Amount,1.3868701157293257,1.1427230334886846,0,High-Engagement / Positive Sentiment
574,4,4133.75,10.0,9.0,Bill Payment,High Transaction Amount,1.125315258903008,-0.2536547306209051,2,High-Engagement / Negative Sentiment
575,8,2653.375,5.0,1.0,Bill Payment,Medium Transaction Amount,1.3233077954455341,0.801658077507326,0,High-Engagement / Positive Sentiment
576,4,3614.0,4.0,3.0,Investment,Medium Transaction Amount,-0.20394773182505394,0.11107559360709085,3,Low-Engagement / Positive Sentiment
577,5,2673.6,1.0,3.0,Bill Payment,Medium Transaction Amount,-0.028429922555412296,-0.6232650768611238,1,Low-Engagement / Negative Sentiment
578,3,2216.0,1.0,7.0,Investment,Medium Transaction Amount,-0.9217429926074685,-1.5558821660388085,1,Low-Engagement / Negative Sentiment
579,8,2538.625,3.0,5.0,Bill Payment,Medium Transaction Amount,1.0026485697070153,-0.6287219723203735,2,High-Engagement / Negative Sentiment
580,4,2773.0,1.0,4.0,Bill Payment,Medium Transaction Amount,-0.39601377314320735,-0.842841643820269,1,Low-Engagement / Negative Sentiment
581,7,1712.5714285714287,8.0,2.0,Bill Payment,Medium Transaction Amount,1.1751579266392,1.3312738211801403,0,High-Engagement / Positive Sentiment
582,2,3816.0,3.0,7.0,Purchase,Medium Transaction Amount,-1.077272083149525,-1.0264954803781547,1,Low-Engagement / Negative Sentiment
583,6,3379.8333333333335,10.0,3.0,Bill Payment,Medium Transaction Amount,0.9538633972390455,1.6111587946423012,0,High-Engagement / Positive Sentiment
584,7,2851.6428571428573,2.0,7.0,Bill Payment,Medium Transaction Amount,0.5183275823876804,-1.3307589368417703,1,Low-Engagement / Negative Sentiment
585,2,1517.5,6.0,10.0,Investment,Low Transaction Amount,-2.091777959892033,-0.49752225470936223,3,Low-Engagement / Positive Sentiment
586,5,2559.2,4.0,7.0,Purchase,Low Transaction Amount,-1.1131427665959097,-0.32148200940633825,3,Low-Engagement / Positive Sentiment
587,7,2544.9285714285716,4.0,2.0,Purchase,Medium Transaction Amount,0.8337918303832709,0.3211181246282247,2,High-Engagement / Negative Sentiment
588,3,3602.0,2.0,7.0,Investment,High Transaction Amount,0.23239113537678308,-1.8008932777666782,1,Low-Engagement / Negative Sentiment
589,3,3241.1666666666665,2.0,6.0,Loan Payment,Medium Transaction Amount,-0.7624977170380182,-1.0542534056229416,1,Low-Engagement / Negative Sentiment
590,8,1960.625,6.0,10.0,Bill Payment,Medium Transaction Amount,1.0041201707998781,-1.043177798446406,2,High-Engagement / Negative Sentiment
591,7,3041.5714285714284,5.0,4.0,Purchase,Medium Transaction Amount,0.8197515387016517,0.10538964013568097,2,High-Engagement / Negative Sentiment
592,4,1800.0,9.0,5.0,Loan Payment,Low Transaction Amount,-0.9638907096839128,1.4081804347492979,3,Low-Engagement / Positive Sentiment
593,3,2018.6666666666667,4.0,8.0,Purchase,Medium Transaction Amount,-0.7237285242433487,-1.022647397911553,1,Low-Engagement / Negative Sentiment
594,6,2741.3333333333335,5.0,5.0,Purchase,Medium Transaction Amount,0.4521676881138567,-0.11418692682346422,2,High-Engagement / Negative Sentiment
595,4,1899.0,1.0,3.0,Bill Payment,Medium Transaction Amount,-0.3524212970054877,-0.6101120164686707,1,Low-Engagement / Negative Sentiment
596,6,2257.6666666666665,2.0,2.0,Purchase,Medium Transaction Amount,0.36351113474555485,-0.16519035540062837,2,High-Engagement / Negative Sentiment
597,4,2647.25,3.0,6.0,Bill Payment,Medium Transaction Amount,-0.33690940423100607,-0.8088393581021593,1,Low-Engagement / Negative Sentiment
598,5,2480.6,5.0,6.0,Purchase,Medium Transaction Amount,0.08458383752606166,-0.33376349378260944,1,Low-Engagement / Negative Sentiment
599,8,1631.0,5.0,7.0,Bill Payment,Medium Transaction Amount,1.0617529386192164,-0.5947196866022639,2,High-Engagement / Negative Sentiment
600,3,2155.3333333333335,4.0,8.0,Bill Payment,Medium Transaction Amount,-0.6749410703627005,-1.01141478220225,1,Low-Engagement / Negative Sentiment
601,3,1856.6666666666667,10.0,4.0,Purchase,Medium Transaction Amount,-0.11049065612954878,1.406655732758759,0,High-Engagement / Positive Sentiment
602,3,1316.1666666666667,3.0,8.0,Loan Payment,Low Transaction Amount,-1.8575274761100689,-0.7752400081769625,3,Low-Engagement / Positive Sentiment
603,4,3389.0,9.0,1.0,Loan Payment,Medium Transaction Amount,0.291468662257397,1.8443570622171686,0,High-Engagement / Positive Sentiment
604,3,866.0,1.0,6.0,Purchase,Low Transaction Amount,-1.9369670211398018,-0.811638571901793,3,Low-Engagement / Positive Sentiment
605,5,1022.8,6.0,6.0,Bill Payment,Low Transaction Amount,-0.8744735153899013,0.42194177407586936,3,Low-Engagement / Positive Sentiment
606,6,1934.5,7.0,3.0,Loan Payment,Low Transaction Amount,-0.37501232969596315,1.347872028246282,0,High-Engagement / Positive Sentiment
607,2,3962.5,10.0,9.0,Investment,Medium Transaction Amount,-0.674617373988601,0.2393885715463261,3,Low-Engagement / Positive Sentiment
608,3,2532.8333333333335,4.0,5.0,Purchase,Medium Transaction Amount,-0.5929510958301898,-0.324458515856758,1,Low-Engagement / Negative Sentiment
609,3,1951.0,10.0,1.0,Bill Payment,Medium Transaction Amount,0.06907422616425822,2.116077230522857,0,High-Engagement / Positive Sentiment
610,9,2721.277777777778,3.0,7.0,Investment,Medium Transaction Amount,1.1684945752806244,-1.135338987972221,2,High-Engagement / Negative Sentiment
611,4,2972.25,8.0,10.0,Loan Payment,Medium Transaction Amount,-0.1740082835758997,-0.49994035415786925,1,Low-Engagement / Negative Sentiment
612,2,1501.0,9.0,3.0,Investment,Low Transaction Amount,-1.5671966451465353,1.8807774473837853,3,Low-Engagement / Positive Sentiment
613,4,4191.5,1.0,10.0,Investment,High Transaction Amount,0.35246042081987944,-2.7619659904245792,1,Low-Engagement / Negative Sentiment
614,8,2134.375,10.0,10.0,Purchase,Medium Transaction Amount,1.2479113592945108,-0.05548733331309632,2,High-Engagement / Negative Sentiment
615,4,1647.25,9.0,4.0,Purchase,Low Transaction Amount,-0.9406334096637249,1.6385137840941753,3,Low-Engagement / Positive Sentiment
616,3,2655.0,7.0,6.0,Loan Payment,Medium Transaction Amount,-0.39677441406891706,0.1944004454303239,3,Low-Engagement / Positive Sentiment
617,4,1686.5,1.0,8.0,Bill Payment,Low Transaction Amount,-1.6513731450845173,-1.27901827128814,1,Low-Engagement / Negative Sentiment
618,7,3984.5714285714284,7.0,4.0,Bill Payment,High Transaction Amount,2.0958177811603713,0.12134191432776767,2,High-Engagement / Negative Sentiment
619,3,2431.0,5.0,9.0,Investment,Low Transaction Amount,-1.797338769898058,-0.5276764579608701,3,Low-Engagement / Positive Sentiment
620,8,1751.375,10.0,8.0,Loan Payment,Low Transaction Amount,0.2744420202970504,0.9071100813353438,0,High-Engagement / Positive Sentiment
621,5,2515.6,7.0,10.0,Loan Payment,Medium Transaction Amount,0.07683843028035549,-0.7628241847609756,1,Low-Engagement / Negative Sentiment
622,3,3096.0,9.0,10.0,Loan Payment,Medium Transaction Amount,-0.424854997432155,-0.2370565235547632,1,Low-Engagement / Negative Sentiment
623,5,2864.4,8.0,6.0,Investment,High Transaction Amount,1.3628343239775749,-0.09608514993606725,2,High-Engagement / Negative Sentiment
624,3,1466.0,6.0,7.0,Loan Payment,Low Transaction Amount,-1.594501018190888,0.20668192980659494,3,Low-Engagement / Positive Sentiment
625,8,2538.5,2.0,8.0,Loan Payment,Low Transaction Amount,-0.31071526445351144,-1.0907360803498813,1,Low-Engagement / Negative Sentiment
626,7,2530.214285714286,8.0,2.0,Purchase,Medium Transaction Amount,1.1263704727585517,1.3200412054708373,0,High-Engagement / Positive Sentiment
627,7,2027.142857142857,4.0,5.0,Bill Payment,Medium Transaction Amount,0.7518018558507602,-0.36583814171726736,2,High-Engagement / Negative Sentiment
628,4,3437.0,8.0,7.0,Investment,Medium Transaction Amount,-0.08573899400065142,0.17908016504331015,0,High-Engagement / Positive Sentiment
629,5,1716.8,7.0,8.0,Purchase,Low Transaction Amount,-0.9373012609521684,0.1949806738740228,3,Low-Engagement / Positive Sentiment
630,3,1887.6666666666667,4.0,5.0,Purchase,Medium Transaction Amount,-0.5929510958301898,-0.324458515856758,1,Low-Engagement / Negative Sentiment
631,2,3222.0,8.0,3.0,Investment,Medium Transaction Amount,-0.5593518383499239,1.1363047952346095,0,High-Engagement / Positive Sentiment
632,4,2589.25,2.0,6.0,Purchase,Low Transaction Amount,-1.539830986095906,-0.5750608620835929,3,Low-Engagement / Positive Sentiment
633,5,2395.6,9.0,5.0,Investment,Medium Transaction Amount,0.3985819933186835,0.8811171295647068,0,High-Engagement / Positive Sentiment
634,4,3433.0,6.0,8.0,Bill Payment,Medium Transaction Amount,-0.2046603747249846,-0.5251063021733966,1,Low-Engagement / Negative Sentiment
635,4,1669.25,7.0,9.0,Purchase,Medium Transaction Amount,-0.22389564414953217,-0.5193377750236449,1,Low-Engagement / Negative Sentiment
636,3,1959.8333333333333,10.0,9.0,Bill Payment,Medium Transaction Amount,-0.27966558293749866,0.25424021171007055,3,Low-Engagement / Positive Sentiment
637,3,2605.0,1.0,6.0,Bill Payment,Medium Transaction Amount,-0.807190099868722,-1.2951478381310126,1,Low-Engagement / Negative Sentiment
638,4,2318.5,3.0,4.0,Purchase,Medium Transaction Amount,-0.298511905836215,-0.3546127191082659,1,Low-Engagement / Negative Sentiment
639,7,2050.714285714286,10.0,4.0,Bill Payment,Medium Transaction Amount,1.2342622955514013,1.3652761068982495,0,High-Engagement / Positive Sentiment
640,6,2525.6666666666665,5.0,9.0,Investment,Medium Transaction Amount,0.2556248208425996,-1.0618775210767522,1,Low-Engagement / Negative Sentiment
641,5,3344.0,7.0,4.0,Loan Payment,Medium Transaction Amount,0.33839328710667316,0.6335535793486143,0,High-Engagement / Positive Sentiment
642,2,1262.0,1.0,8.0,Investment,Low Transaction Amount,-2.3703163105856953,-1.2807168510594313,3,Low-Engagement / Positive Sentiment
643,5,1686.4,9.0,9.0,Purchase,Medium Transaction Amount,0.2463850514881838,-0.03302929499479192,2,High-Engagement / Negative Sentiment
644,6,2458.6666666666665,5.0,5.0,Loan Payment,Medium Transaction Amount,0.4725028642313885,-0.11179064881674343,2,High-Engagement / Negative Sentiment
645,5,1198.0,3.0,6.0,Bill Payment,Low Transaction Amount,-1.093907497171362,-0.32725053655608993,3,Low-Engagement / Positive Sentiment
646,7,2446.8571428571427,7.0,3.0,Purchase,Medium Transaction Amount,1.0096333360270118,0.8375808079085856,0,High-Engagement / Positive Sentiment
647,6,1858.1666666666667,10.0,5.0,Bill Payment,Low Transaction Amount,-0.21431102242682515,1.640441421877627,0,High-Engagement / Positive Sentiment
648,5,2411.0,8.0,5.0,Purchase,Low Transaction Amount,-0.7333791719451893,1.1429003261394708,3,Low-Engagement / Positive Sentiment
649,11,18004.545454545456,10.0,2.0,Bill Payment,Medium Transaction Amount,2.6174127456271417,1.778123120031634,0,High-Engagement / Positive Sentiment
650,3,1005.3333333333334,10.0,10.0,Purchase,Low Transaction Amount,-1.4530349803462979,0.5050198505876918,3,Low-Engagement / Positive Sentiment
651,3,2071.6666666666665,3.0,6.0,Investment,Low Transaction Amount,-1.81285066267254,-0.3289491163273814,3,Low-Engagement / Positive Sentiment
652,5,2168.8,7.0,9.0,Purchase,Medium Transaction Amount,0.10009573030054332,-0.532490835416098,1,Low-Engagement / Negative Sentiment
653,3,3219.6666666666665,7.0,7.0,Purchase,Medium Transaction Amount,-0.4607020663241684,-0.040725459927995276,3,Low-Engagement / Positive Sentiment
654,6,2096.0,4.0,8.0,Purchase,Low Transaction Amount,-0.8327438682835536,-0.5673646971503896,1,Low-Engagement / Negative Sentiment
655,4,2286.25,10.0,2.0,Investment,Low Transaction Amount,-0.8024767595148441,2.3369317241611305,0,High-Engagement / Positive Sentiment
656,5,3089.8,9.0,9.0,Investment,Medium Transaction Amount,0.22421208876780507,-0.049801379841686554,1,Low-Engagement / Negative Sentiment
657,5,2313.0,1.0,3.0,Purchase,Low Transaction Amount,-1.1582068438264919,-0.13975581063190431,3,Low-Engagement / Positive Sentiment
658,5,2124.3,1.0,10.0,Purchase,Low Transaction Amount,-1.4633541767905291,-1.7688632020930923,1,Low-Engagement / Negative Sentiment
659,7,1819.0,5.0,5.0,Bill Payment,Medium Transaction Amount,0.8249465164445804,-0.11610737150661422,2,High-Engagement / Negative Sentiment
660,3,2014.0,5.654396728016361,7.0,Purchase,Medium Transaction Amount,-0.5591257609473456,-0.3767640014384444,1,Low-Engagement / Negative Sentiment
661,4,1346.25,10.0,4.0,Bill Payment,Low Transaction Amount,-0.8187012951892565,1.8994771700141315,0,High-Engagement / Positive Sentiment
662,2,3962.5,9.0,7.0,Loan Payment,High Transaction Amount,0.4629205239213597,-0.02045646304603783,2,High-Engagement / Negative Sentiment
663,5,1744.0,5.0,8.0,Purchase,Medium Transaction Amount,-0.002601114749377577,-0.799222748485806,1,Low-Engagement / Negative Sentiment
664,7,2831.1428571428573,7.0,10.0,Bill Payment,High Transaction Amount,1.834262924334054,-1.2750358497818224,2,High-Engagement / Negative Sentiment
665,3,2701.6666666666665,1.0,10.0,Bill Payment,Low Transaction Amount,-2.062549471810032,-1.7313244655988833,1,Low-Engagement / Negative Sentiment
666,4,2633.5,2.0,4.0,Investment,Medium Transaction Amount,-0.3938295291504141,-0.6211155741658135,1,Low-Engagement / Negative Sentiment
667,6,1935.5,4.0,5.0,Purchase,Medium Transaction Amount,0.37902302752003647,-0.3639176970341173,2,High-Engagement / Negative Sentiment
668,3,1562.6666666666667,9.0,3.0,Purchase,Low Transaction Amount,-1.221032307976081,1.8843964718382267,3,Low-Engagement / Positive Sentiment
669,7,1273.4285714285713,5.0,5.0,Purchase,Medium Transaction Amount,0.7761590625639322,-0.1273399872159173,2,High-Engagement / Negative Sentiment
670,8,2522.125,5.0,8.0,Bill Payment,Medium Transaction Amount,1.018160462481497,-0.8274493139538622,2,High-Engagement / Negative Sentiment
671,6,1809.3333333333333,9.0,3.0,Purchase,Medium Transaction Amount,0.831931282764577,1.350195408722345,0,High-Engagement / Positive Sentiment
672,2,1119.0,8.0,5.0,Purchase,Low Transaction Amount,-1.7053532952954158,1.18235950731683,3,Low-Engagement / Positive Sentiment
673,4,2434.875,2.0,10.0,Investment,Medium Transaction Amount,-0.6553843859767317,-2.0174933382754037,1,Low-Engagement / Negative Sentiment
674,4,2231.25,7.0,1.0,Purchase,Medium Transaction Amount,0.12484416495222471,1.3424992437891416,0,High-Engagement / Positive Sentiment
675,6,1866.0,1.0,2.0,Investment,Low Transaction Amount,-0.8127959559590754,0.06304867148034636,3,Low-Engagement / Positive Sentiment
676,5,2796.6,10.0,3.0,Investment,Medium Transaction Amount,0.558911606187943,1.5963071544785565,0,High-Engagement / Positive Sentiment
677,5,2421.4,9.0,1.0,Bill Payment,Medium Transaction Amount,0.6439123144705888,1.8400403395272977,0,High-Engagement / Positive Sentiment
678,6,3708.0833333333335,3.0,9.0,Purchase,Medium Transaction Amount,0.1315084623753378,-1.5445669766511636,1,Low-Engagement / Negative Sentiment
679,5,2841.3,2.0,9.0,Purchase,Medium Transaction Amount,-0.2656275726685579,-1.7811446864693636,1,Low-Engagement / Negative Sentiment
680,5,2197.5,4.0,5.0,Loan Payment,Low Transaction Amount,-1.0056226382029385,0.14637352330357922,3,Low-Engagement / Positive Sentiment
681,2,3952.5,4.0,4.0,Purchase,High Transaction Amount,0.2076394732478854,-0.5733177100512291,1,Low-Engagement / Negative Sentiment
682,1,1846.0,3.0,5.0,Loan Payment,Medium Transaction Amount,-1.2937433292066292,-0.545486887275784,3,Low-Engagement / Positive Sentiment
683,5,3174.8,2.0,4.0,Purchase,Medium Transaction Amount,-0.047665191979959866,-0.617496549711372,1,Low-Engagement / Negative Sentiment
684,9,2146.4444444444443,5.0,5.0,Loan Payment,Medium Transaction Amount,1.444476987581615,-0.15124982999410275,2,High-Engagement / Negative Sentiment
685,6,2377.3333333333335,4.0,7.0,Purchase,Medium Transaction Amount,0.29183807524459726,-0.829376951737314,1,Low-Engagement / Negative Sentiment
686,6,2516.3333333333335,5.0,8.0,Loan Payment,Medium Transaction Amount,0.3417254358182297,-0.8099795308715383,1,Low-Engagement / Negative Sentiment
687,4,2871.25,8.0,2.0,Purchase,Medium Transaction Amount,0.1543963494083254,1.3595003866481965,0,High-Engagement / Positive Sentiment
688,4,2032.0,2.0,4.0,Purchase,Medium Transaction Amount,-0.37165656643003536,-0.6043434893189189,1,Low-Engagement / Negative Sentiment
689,3,3304.6666666666665,9.0,8.0,Bill Payment,High Transaction Amount,0.771771699996832,-0.25750281308750694,2,High-Engagement / Negative Sentiment
690,9,53401.0,10.0,7.0,Loan Payment,Medium Transaction Amount,1.7230153382752769,0.6319447663559662,2,High-Engagement / Negative Sentiment
691,5,3129.6,1.0,9.0,Loan Payment,Medium Transaction Amount,-0.3184370571448464,-2.028479178673296,1,Low-Engagement / Negative Sentiment
692,5,3557.7,8.0,5.0,Investment,High Transaction Amount,1.4064268001152946,0.13664447741553107,2,High-Engagement / Negative Sentiment
693,2,1507.0,5.0,6.0,Purchase,Low Transaction Amount,-1.9683797532145961,0.20043756933327253,3,Low-Engagement / Positive Sentiment
694,7,2467.1428571428573,2.0,8.0,Purchase,Medium Transaction Amount,0.4259476523693126,-1.5747211799026715,1,Low-Engagement / Negative Sentiment
695,6,2973.4166666666665,8.0,5.0,Bill Payment,Medium Transaction Amount,0.7203891237759656,0.6462379995177984,0,High-Engagement / Positive Sentiment
696,3,2803.0,5.0,9.0,Purchase,Medium Transaction Amount,-0.694176339787248,-1.0056462550524983,1,Low-Engagement / Negative Sentiment
697,5,639.0,10.0,4.0,Bill Payment,Low Transaction Amount,-0.49470992073918096,1.8863241096216783,0,High-Engagement / Positive Sentiment
698,7,2285.8571428571427,10.0,8.0,Investment,Medium Transaction Amount,0.9889319743994959,0.4063528969356586,2,High-Engagement / Negative Sentiment
699,4,1305.25,5.65439672801636,3.0,Investment,Low Transaction Amount,-1.1639269120572018,1.0189712446671235,3,Low-Engagement / Positive Sentiment
700,2,834.5,7.0,5.0,Bill Payment,Low Transaction Amount,-1.729710502008588,0.9438613528154803,3,Low-Engagement / Positive Sentiment
701,5,2328.0,4.0,8.0,Purchase,Medium Transaction Amount,-0.07574577534319779,-1.0489535186964591,1,Low-Engagement / Negative Sentiment
702,13,2524.0,10.0,10.0,Purchase,Medium Transaction Amount,2.8678682315448873,-0.1212526352753618,2,High-Engagement / Negative Sentiment
703,3,1156.5,6.0,7.0,Purchase,Low Transaction Amount,-1.61483619430842,0.20428565179987415,3,Low-Engagement / Positive Sentiment
704,7,2288.1428571428573,10.0,1.0,Purchase,Medium Transaction Amount,1.3162522700839117,2.0522323732437413,0,High-Engagement / Positive Sentiment
705,7,2224.1428571428573,8.0,4.0,Bill Payment,Low Transaction Amount,0.0069835069733293394,1.360556448415466,0,High-Engagement / Positive Sentiment
706,3,3589.0,1.0,2.0,Bill Payment,Medium Transaction Amount,-0.6328201953178435,-0.3642293287246191,1,Low-Engagement / Negative Sentiment
707,3,2311.6666666666665,2.0,2.0,Purchase,Low Transaction Amount,-1.689452455995103,0.36901070771525357,3,Low-Engagement / Positive Sentiment
708,3,2060.3333333333335,8.0,7.0,Bill Payment,Medium Transaction Amount,-0.3387699518497,0.22023792599196085,3,Low-Engagement / Positive Sentiment
709,4,2687.75,7.0,3.0,Purchase,Medium Transaction Amount,0.03765921267678549,0.8770399890859449,0,High-Engagement / Positive Sentiment
710,4,3453.25,10.0,3.0,Loan Payment,Medium Transaction Amount,0.277428370575778,1.6286285777246252,0,High-Engagement / Positive Sentiment
711,3,1820.3333333333333,9.0,6.0,Purchase,Low Transaction Amount,-1.3518097363892396,1.1862075897834319,3,Low-Engagement / Positive Sentiment
712,2,1445.0,2.0,6.0,Purchase,Low Transaction Amount,-2.1878137349960567,-0.5487547412986866,3,Low-Engagement / Positive Sentiment
713,4,1635.25,8.0,1.0,Purchase,Medium Transaction Amount,0.19798882554604497,1.5922300139997947,0,High-Engagement / Positive Sentiment
714,3,2022.0,6.0,1.0,Purchase,Medium Transaction Amount,-0.27229187009167094,1.1059215339709416,0,High-Engagement / Positive Sentiment
715,5,1470.2,1.0,6.0,Investment,Low Transaction Amount,-1.3111572349600293,-0.8547167775335939,1,Low-Engagement / Negative Sentiment
716,6,2541.5,4.0,7.0,Purchase,Low Transaction Amount,-0.7891513921458341,-0.3346350697987914,3,Low-Engagement / Positive Sentiment
717,8,2763.0,2.0,9.0,Loan Payment,Medium Transaction Amount,0.7266817267992004,-1.818207589640002,1,Low-Engagement / Negative Sentiment
718,5,1908.0,7.0,4.0,Investment,Medium Transaction Amount,0.29588514826876267,0.6143852164949989,0,High-Engagement / Positive Sentiment
719,5,1741.0,9.0,10.0,Purchase,Low Transaction Amount,-0.8781968920399671,0.22898295959213238,3,Low-Engagement / Positive Sentiment
720,2,4852.0,6.0,6.0,Bill Payment,High Transaction Amount,0.315531296040735,-0.5280828086238164,1,Low-Engagement / Negative Sentiment
721,6,2767.1666666666665,4.0,3.0,Purchase,Medium Transaction Amount,0.4662079797954757,0.1015415576690793,2,High-Engagement / Negative Sentiment
722,7,2755.5714285714284,5.0,4.0,Purchase,Medium Transaction Amount,0.8197515387016517,0.10538964013568097,2,High-Engagement / Negative Sentiment
723,3,2088.6666666666665,1.0,9.0,Purchase,Medium Transaction Amount,-0.9867549821625291,-2.0045693358951104,1,Low-Engagement / Negative Sentiment
724,5,2209.5,4.0,1.0,Bill Payment,Medium Transaction Amount,0.27818901150148767,0.5913864884740323,0,High-Engagement / Positive Sentiment
725,6,2426.3333333333335,10.0,5.0,Purchase,Medium Transaction Amount,0.817890991082958,1.1344669242298016,0,High-Engagement / Positive Sentiment
726,8,2871.0,3.0,7.0,Purchase,Medium Transaction Amount,0.866676163550928,-1.1054138427328732,2,High-Engagement / Negative Sentiment
727,5,2537.4,9.0,3.0,Loan Payment,Medium Transaction Amount,0.5282750844320332,1.3657447471215187,0,High-Engagement / Positive Sentiment
728,7,2015.0,6.0,2.0,Bill Payment,Low Transaction Amount,-0.05212086193887183,1.3265541626973565,0,High-Engagement / Positive Sentiment
729,1,4559.0,4.0,2.0,Investment,High Transaction Amount,-0.051339911647129324,-0.1114774798024739,1,Low-Engagement / Negative Sentiment
730,4,1975.5,3.0,1.0,Purchase,Medium Transaction Amount,-0.1677344774230562,0.34357616294652904,0,High-Engagement / Positive Sentiment
731,2,3464.0,4.0,5.0,Purchase,Medium Transaction Amount,-0.9169424702802654,-0.3113054554643049,3,Low-Engagement / Positive Sentiment
732,8,3505.5,8.0,3.0,Purchase,Medium Transaction Amount,1.4067693710709075,1.0741585177267856,0,High-Engagement / Positive Sentiment
733,4,2939.0,5.0,7.0,Loan Payment,Medium Transaction Amount,-0.2626648369442017,-0.5509437827350337,1,Low-Engagement / Negative Sentiment
734,1,1835.0,1.0,1.0,Bill Payment,Medium Transaction Amount,-1.2372104680802747,-0.1051935805881147,3,Low-Engagement / Positive Sentiment
735,2,3565.5,5.0,9.0,Purchase,Medium Transaction Amount,-1.0181677142373236,-0.992493194660045,1,Low-Engagement / Negative Sentiment
736,6,2471.3333333333335,8.0,2.0,Loan Payment,Low Transaction Amount,-0.2582751929644233,1.8303324258085336,0,High-Engagement / Positive Sentiment
737,2,3489.5,4.0,8.0,Investment,Medium Transaction Amount,-1.0698928614138032,-1.0262664223659945,1,Low-Engagement / Negative Sentiment
738,3,2391.3333333333335,2.0,10.0,Bill Payment,Medium Transaction Amount,-0.90841534382578,-1.9763355773267526,1,Low-Engagement / Negative Sentiment
739,3,1349.3333333333333,3.0,4.0,Investment,Low Transaction Amount,-1.725665710397101,0.1365101383758152,3,Low-Engagement / Positive Sentiment
740,5,2576.2,9.0,6.0,Purchase,Medium Transaction Amount,0.3771624799013426,0.6651595870600031,0,High-Engagement / Positive Sentiment
741,4,2114.0,7.0,9.0,Loan Payment,Medium Transaction Amount,-0.2035604680320004,-0.516941497016924,1,Low-Engagement / Negative Sentiment
742,2,2183.5,3.0,7.0,Purchase,Low Transaction Amount,-2.1582615505399563,-0.531753598439632,3,Low-Engagement / Positive Sentiment
743,8,2017.875,5.0,8.0,Purchase,Low Transaction Amount,-0.11161645878958254,-0.34394004772464276,1,Low-Engagement / Negative Sentiment
744,4,2504.875,3.0,7.0,Loan Payment,Medium Transaction Amount,-0.40895415813184205,-1.0504053231563402,1,Low-Engagement / Negative Sentiment
745,2,3578.0,10.0,2.0,Purchase,Medium Transaction Amount,-0.34729707830418505,1.885268047854409,0,High-Engagement / Positive Sentiment
746,3,2959.0,4.0,9.0,Purchase,Medium Transaction Amount,-0.7673210003810682,-1.2553770252631513,1,Low-Engagement / Negative Sentiment
747,4,3453.25,8.0,1.0,Loan Payment,Medium Transaction Amount,0.21832400166357674,1.5946262920065155,0,High-Engagement / Positive Sentiment
748,5,3243.4,3.0,2.0,Purchase,High Transaction Amount,1.193653888279731,-0.39704840673604486,2,High-Engagement / Negative Sentiment
749,4,2847.0,3.0,3.0,Purchase,Medium Transaction Amount,-0.2549194296984954,-0.12188309175666762,1,Low-Engagement / Negative Sentiment
750,5,1693.6,8.0,3.0,Purchase,Medium Transaction Amount,0.4347952477206812,1.1136176989041449,0,High-Engagement / Positive Sentiment
751,6,2769.6666666666665,10.0,10.0,Loan Payment,Medium Transaction Amount,0.6202637865118917,-0.026784934521469288,2,High-Engagement / Negative Sentiment
752,3,1621.6666666666667,10.0,4.0,Purchase,Low Transaction Amount,-1.1914801235199801,1.9013976146972815,3,Low-Engagement / Positive Sentiment
753,5,2569.8,7.0,5.0,Bill Payment,Low Transaction Amount,-0.7577363786583614,0.904402171638121,3,Low-Engagement / Positive Sentiment
754,6,2328.0,7.0,6.0,Loan Payment,Medium Transaction Amount,0.5751997092813094,0.1549412642529645,2,High-Engagement / Negative Sentiment
755,5,2651.4,10.0,1.0,Bill Payment,Medium Transaction Amount,0.7170569750644091,2.089771109737951,0,High-Engagement / Positive Sentiment
756,9,2666.6666666666665,2.0,8.0,Investment,Low Transaction Amount,-0.029232028841346507,-1.1230575035959498,1,Low-Engagement / Negative Sentiment
757,7,1709.4285714285713,5.65439672801636,6.0,Investment,Low Transaction Amount,-0.32273021712013444,0.28132318143496926,3,Low-Engagement / Positive Sentiment
758,7,2708.0,10.0,10.0,Purchase,High Transaction Amount,2.0049094522348665,-0.5370761548591659,2,High-Engagement / Negative Sentiment
759,7,2296.285714285714,10.0,9.0,Purchase,Medium Transaction Amount,0.967512460982155,0.190395354430955,2,High-Engagement / Negative Sentiment
760,5,2604.0,3.0,5.0,Bill Payment,Low Transaction Amount,-1.0503150210336423,-0.09452090920449163,3,Low-Engagement / Positive Sentiment
761,9,2029.2222222222222,7.0,7.0,Bill Payment,Medium Transaction Amount,1.5320336342569325,-0.10841120657341091,2,High-Engagement / Negative Sentiment
762,8,2704.3125,4.0,4.0,Loan Payment,Medium Transaction Amount,1.0909334286754389,-0.15509791246070445,2,High-Engagement / Negative Sentiment
763,3,1859.3333333333333,8.0,6.0,Bill Payment,Medium Transaction Amount,-0.29517747571198033,0.4529675533435592,0,High-Engagement / Positive Sentiment
764,6,2449.8333333333335,8.0,6.0,Investment,Medium Transaction Amount,0.6058362310372192,0.38550367161000226,0,High-Engagement / Positive Sentiment
765,3,2093.0,6.0,4.0,Bill Payment,Medium Transaction Amount,-0.3542818446241816,0.41896526762544956,3,Low-Engagement / Positive Sentiment
766,6,3323.5,3.0,6.0,Purchase,High Transaction Amount,1.3432753581789278,-1.3411199765348913,2,High-Engagement / Negative Sentiment
767,3,1666.3333333333333,6.0,8.0,Loan Payment,Medium Transaction Amount,-0.5571040269381764,-0.5207895794835259,1,Low-Engagement / Negative Sentiment
768,6,2890.0,6.0,5.0,Bill Payment,Medium Transaction Amount,0.5740998025883252,0.146776459096492,2,High-Engagement / Negative Sentiment
769,2,1021.5,3.0,2.0,Purchase,Low Transaction Amount,-1.9402991698513583,0.6318945383183598,3,Low-Engagement / Positive Sentiment
770,6,2303.1666666666665,4.0,9.0,Investment,Medium Transaction Amount,0.18248016024877933,-1.3116082912874052,1,Low-Engagement / Negative Sentiment
771,6,2699.5,2.0,4.0,Bill Payment,Medium Transaction Amount,0.32511363635076385,-0.619416994394522,1,Low-Engagement / Negative Sentiment
772,5,80194.8,1.0,4.0,Bill Payment,Medium Transaction Amount,-0.07202239869313187,-0.8559947042127221,1,Low-Engagement / Negative Sentiment
773,5,2948.0,2.0,7.0,Bill Payment,Medium Transaction Amount,-0.1296551665124705,-1.304452816056864,1,Low-Engagement / Negative Sentiment
774,6,2742.8333333333335,7.0,10.0,Investment,Medium Transaction Amount,0.35832166589252046,-0.7951456080070441,1,Low-Engagement / Negative Sentiment
775,9,1960.888888888889,10.0,10.0,Loan Payment,Low Transaction Amount,0.5112484424716869,0.4284977662396939,0,High-Engagement / Positive Sentiment
776,6,2104.8333333333335,5.0,6.0,Purchase,Medium Transaction Amount,0.4085752119761371,-0.34691655417506256,2,High-Engagement / Negative Sentiment
777,3,1336.3333333333333,9.0,4.0,Purchase,Medium Transaction Amount,-0.18363531672336908,1.156924962548106,0,High-Engagement / Positive Sentiment
778,6,3203.0833333333335,3.0,6.0,Loan Payment,Medium Transaction Amount,0.2826210669060284,-0.8439818165896479,1,Low-Engagement / Negative Sentiment
779,1,3867.0,2.0,3.0,Bill Payment,High Transaction Amount,-0.17026129237146254,-0.8156639470191808,1,Low-Engagement / Negative Sentiment
780,6,2444.8333333333335,4.0,7.0,Investment,Medium Transaction Amount,0.26966511252421854,-0.8461490365842086,1,Low-Engagement / Negative Sentiment
781,3,1790.3333333333333,2.0,6.0,Purchase,Medium Transaction Amount,-0.7828328931555499,-1.0566496836296624,1,Low-Engagement / Negative Sentiment
782,6,2261.5,7.0,3.0,Purchase,Medium Transaction Amount,0.6856419615769365,0.8507338683010387,0,High-Engagement / Positive Sentiment
783,9,2896.777777777778,10.0,1.0,Purchase,Medium Transaction Amount,1.9642350189840627,2.0259262524588353,0,High-Engagement / Positive Sentiment
784,4,2603.0,6.0,10.0,Loan Payment,High Transaction Amount,0.7606918626268911,-1.4941437765176984,1,Low-Engagement / Negative Sentiment
785,8,1950.125,8.0,5.0,Purchase,Low Transaction Amount,0.23859495140503711,1.1034411449621115,0,High-Engagement / Positive Sentiment
786,9,2674.4444444444443,5.0,10.0,Purchase,Medium Transaction Amount,1.2061794307754852,-1.3172942447588152,2,High-Engagement / Negative Sentiment
787,7,2508.714285714286,2.0,2.0,Loan Payment,Medium Transaction Amount,0.7078376853131622,-0.1759471377863607,2,High-Engagement / Negative Sentiment
788,4,3296.0,4.0,7.0,Investment,Medium Transaction Amount,-0.37831763637593235,-0.8198429157993024,1,Low-Engagement / Negative Sentiment
789,3,4073.6666666666665,1.0,7.0,Investment,High Transaction Amount,0.15924647478296278,-2.050624047977331,1,Low-Engagement / Negative Sentiment
790,9,2826.6666666666665,2.0,4.0,Investment,High Transaction Amount,2.3071168104903945,-1.1816227580666019,2,High-Engagement / Negative Sentiment
791,1,3821.0,4.0,6.0,Investment,High Transaction Amount,-0.22570981619800773,-1.0423959892088674,1,Low-Engagement / Negative Sentiment
792,8,3003.375,6.0,1.0,Investment,Medium Transaction Amount,1.3254920394383274,1.0233841471617813,0,High-Engagement / Positive Sentiment
793,7,2051.5714285714284,4.0,2.0,Investment,Medium Transaction Amount,0.8116188676628922,0.30434603978133007,2,High-Engagement / Negative Sentiment
794,13,2644.5,4.0,6.0,Bill Payment,Medium Transaction Amount,2.6521576264134925,-0.6774861314235843,2,High-Engagement / Negative Sentiment
795,7,3904.4285714285716,10.0,2.0,Bill Payment,High Transaction Amount,2.4024367152172714,1.3359934796629236,0,High-Engagement / Positive Sentiment
796,2,1980.5,10.0,4.0,Purchase,Low Transaction Amount,-1.5154714979700559,1.9145506750897348,3,Low-Engagement / Positive Sentiment
797,6,2579.3333333333335,2.0,4.0,Investment,Medium Transaction Amount,0.2541532197497369,-0.6474216949507198,1,Low-Engagement / Negative Sentiment
798,3,1620.0,9.0,10.0,Purchase,Medium Transaction Amount,-0.44519017354968676,-0.239452801561484,1,Low-Engagement / Negative Sentiment
799,6,2340.8333333333335,10.0,9.0,Purchase,Medium Transaction Amount,0.6435210865320795,0.20354841482340824,2,High-Engagement / Negative Sentiment
800,5,3524.0,8.0,10.0,Purchase,High Transaction Amount,1.2106373821470753,-1.0102315744955659,2,High-Engagement / Negative Sentiment
801,7,1649.0,8.0,7.0,Investment,Low Transaction Amount,-0.19475433804085632,0.6343628658044734,0,High-Engagement / Positive Sentiment
802,4,523.5,5.0,7.0,Investment,Low Transaction Amount,-1.3861624431725437,-0.07537026365012668,3,Low-Engagement / Positive Sentiment
803,5,2342.2,3.0,1.0,Loan Payment,Medium Transaction Amount,0.176592073144551,0.3328193805607967,0,High-Engagement / Positive Sentiment
804,3,2991.0,6.0,5.0,Investment,Low Transaction Amount,-1.5498242047533597,0.6529728216561763,3,Low-Engagement / Positive Sentiment
805,5,2534.2,9.0,3.0,Investment,Low Transaction Amount,-0.5952225217963086,1.8413182662064258,0,High-Engagement / Positive Sentiment
806,9,1934.4444444444443,8.0,3.0,Bill Payment,Low Transaction Amount,0.6985587320111998,1.566979954982158,0,High-Engagement / Positive Sentiment
807,4,2461.75,7.0,6.0,Investment,Medium Transaction Amount,-0.11529117845675202,0.16207902218425535,0,High-Engagement / Positive Sentiment
808,7,3764.714285714286,8.0,4.0,Purchase,High Transaction Amount,2.120174987873544,0.35984006882911773,2,High-Engagement / Negative Sentiment
810,7,2771.1428571428573,6.0,4.0,Loan Payment,High Transaction Amount,1.994220842803435,-0.13722519358546775,2,High-Engagement / Negative Sentiment
811,4,2987.75,5.65439672801636,8.0,Loan Payment,High Transaction Amount,0.8225977808729733,-1.114992293114298,2,High-Engagement / Negative Sentiment
812,4,2024.0,2.0,4.0,Purchase,Medium Transaction Amount,-0.37165656643003536,-0.6043434893189189,1,Low-Engagement / Negative Sentiment
813,7,3096.285714285714,8.0,3.0,Investment,Medium Transaction Amount,1.0606050339004534,1.070539493272344,0,High-Engagement / Positive Sentiment
814,10,2137.3,3.0,5.0,Loan Payment,Low Transaction Amount,0.5411895734536184,-0.16912254886933953,2,High-Engagement / Negative Sentiment
815,2,3229.5,5.0,5.0,Purchase,Medium Transaction Amount,-0.843797809686445,-0.061574685253651756,3,Low-Engagement / Positive Sentiment
816,3,3841.3333333333335,8.0,10.0,Bill Payment,High Transaction Amount,0.6114420871275726,-0.9726928380013565,2,High-Engagement / Negative Sentiment
817,4,2524.625,9.0,10.0,Bill Payment,Medium Transaction Amount,-0.07241134521896303,-0.24137324624463402,1,Low-Engagement / Negative Sentiment
818,7,1548.142857142857,9.0,1.0,Bill Payment,Medium Transaction Amount,1.2918950633707396,1.8137342187423915,0,High-Engagement / Positive Sentiment
819,8,2469.75,5.0,8.0,Investment,Medium Transaction Amount,0.9472000458804701,-0.85545401451006,2,High-Engagement / Negative Sentiment
820,3,1545.3333333333333,2.0,8.0,Purchase,Low Transaction Amount,-1.9510073128214207,-1.0273670563943365,3,Low-Engagement / Positive Sentiment
821,7,2755.714285714286,7.0,8.0,Investment,High Transaction Amount,1.8504874600084662,-0.8375812956348233,2,High-Engagement / Negative Sentiment
822,3,3071.1666666666665,7.0,10.0,Bill Payment,Medium Transaction Amount,-0.542692040856679,-0.727681726273487,1,Low-Engagement / Negative Sentiment
823,7,3918.1428571428573,8.0,4.0,Bill Payment,High Transaction Amount,2.168962441754192,0.3710726845384208,2,High-Engagement / Negative Sentiment
824,6,1581.0,8.0,9.0,Bill Payment,Medium Transaction Amount,0.5460192192250872,-0.284680509888595,2,High-Engagement / Negative Sentiment
825,6,3098.6666666666665,5.0,10.0,Bill Payment,High Transaction Amount,1.363982228696338,-1.7613443298106755,2,High-Engagement / Negative Sentiment
826,3,2309.1666666666665,5.654396728016361,3.0,Purchase,Low Transaction Amount,-1.4657453237868987,1.0488963899064714,3,Low-Engagement / Positive Sentiment
827,4,2917.0,4.0,7.0,Bill Payment,Medium Transaction Amount,-0.30735721977490543,-0.7918382152431046,1,Low-Engagement / Negative Sentiment
828,9,2021.4444444444443,4.0,6.0,Bill Payment,Medium Transaction Amount,1.3561921286131913,-0.6248738898537718,2,High-Engagement / Negative Sentiment
829,2,2025.0,3.0,9.0,Purchase,Low Transaction Amount,-2.2454465028153954,-0.9972128531428285,3,Low-Engagement / Positive Sentiment
830,7,3288.5,8.0,4.0,Investment,Medium Transaction Amount,1.0170125577627336,0.8378098659207458,0,High-Engagement / Positive Sentiment
831,4,3388.5,3.0,4.0,Investment,Medium Transaction Amount,-0.3206848685565937,-0.37138480395516055,1,Low-Engagement / Negative Sentiment
832,7,2912.285714285714,5.0,6.0,Investment,Medium Transaction Amount,0.7103936237058338,-0.37684169941441026,2,High-Engagement / Negative Sentiment
833,10,2490.5,2.0,8.0,Investment,Medium Transaction Amount,1.3757488129991602,-1.6309524459269256,2,High-Engagement / Negative Sentiment
834,8,2651.6875,6.0,3.0,Loan Payment,Medium Transaction Amount,1.280815226000799,0.5770932553122001,2,High-Engagement / Negative Sentiment
835,4,2581.75,6.0,8.0,Bill Payment,High Transaction Amount,0.8763290926654468,-1.0198481841119196,2,High-Engagement / Negative Sentiment
836,6,2293.3333333333335,5.654396728016361,8.0,Bill Payment,Medium Transaction Amount,0.41804334014580935,-0.6377201942580989,1,Low-Engagement / Negative Sentiment
837,6,1627.6666666666667,5.654396728016361,7.0,Investment,Low Transaction Amount,-0.6903140677079294,0.06174661447582429,3,Low-Engagement / Positive Sentiment
838,3,1220.0,1.0,7.0,Bill Payment,Medium Transaction Amount,-0.8507825760064416,-1.5278774654826108,1,Low-Engagement / Negative Sentiment
839,4,2213.0,5.0,5.0,Loan Payment,Medium Transaction Amount,-0.1754798846687624,-0.08548452803183719,1,Low-Engagement / Negative Sentiment
840,7,2048.714285714286,2.0,2.0,Purchase,Medium Transaction Amount,0.6875025091956304,-0.1783434157930815,2,High-Engagement / Negative Sentiment
841,1,3219.0,10.0,2.0,Investment,Medium Transaction Amount,-0.693461415474639,1.8816490233999674,0,High-Engagement / Positive Sentiment
842,6,2265.5,5.0,10.0,Investment,Medium Transaction Amount,0.21203234470487994,-1.2946071484283503,1,Low-Engagement / Negative Sentiment
843,6,1798.1666666666667,10.0,8.0,Purchase,Medium Transaction Amount,0.6871135626697992,0.4362780421750065,0,High-Engagement / Positive Sentiment
844,5,3149.8,9.0,6.0,Bill Payment,Medium Transaction Amount,0.4259499337819908,0.6763922027693062,0,High-Engagement / Positive Sentiment
845,7,3093.714285714286,4.0,8.0,Purchase,High Transaction Amount,1.6532264409473842,-1.5700015214198881,2,High-Engagement / Negative Sentiment
846,4,2441.0,8.0,3.0,Purchase,Medium Transaction Amount,0.11080387327060573,1.126770759296598,0,High-Engagement / Positive Sentiment
847,9,2323.1666666666665,1.0,1.0,Bill Payment,Medium Transaction Amount,1.3547205275203287,-0.2104180637277397,2,High-Engagement / Negative Sentiment
848,4,2372.75,8.0,6.0,Purchase,Low Transaction Amount,-1.1009630225329845,0.9233237591803258,3,Low-Engagement / Positive Sentiment
849,7,2420.714285714286,6.0,2.0,Purchase,Medium Transaction Amount,0.9800811515709114,0.820579665049531,0,High-Engagement / Positive Sentiment
850,8,14016.875,8.0,9.0,Bill Payment,High Transaction Amount,2.2749914355156693,-0.8057285126120238,2,High-Engagement / Negative Sentiment
851,4,1960.0,6.0,5.0,Purchase,Medium Transaction Amount,-0.12267040019247394,0.16184996417209513,0,High-Engagement / Positive Sentiment
852,5,2425.8,3.0,5.0,Loan Payment,Medium Transaction Amount,0.0022221685936725504,-0.5980991288455965,1,Low-Engagement / Negative Sentiment
853,8,1785.8125,8.0,10.0,Investment,Low Transaction Amount,-0.0015403920039396748,-0.0769790766427746,1,Low-Engagement / Negative Sentiment
854,9,3607.0555555555557,5.0,8.0,Bill Payment,Medium Transaction Amount,1.3421518369315724,-0.8406023743463154,2,High-Engagement / Negative Sentiment
855,6,2217.3333333333335,5.654396728016361,6.0,Bill Payment,Medium Transaction Amount,0.5052282924212486,-0.1722609395549023,2,High-Engagement / Negative Sentiment
856,6,2075.0,5.0,3.0,Bill Payment,Medium Transaction Amount,0.5881400942699442,0.3625049435890354,0,High-Engagement / Positive Sentiment
857,4,4371.0,7.0,9.0,Purchase,High Transaction Amount,0.8570938232408992,-1.0140796569621677,2,High-Engagement / Negative Sentiment
858,3,3778.0,10.0,10.0,Loan Payment,High Transaction Amount,0.7292791305520967,-0.4820676352826327,2,High-Engagement / Negative Sentiment
859,6,2681.5,9.0,4.0,Bill Payment,Low Transaction Amount,-0.2438632068829259,1.623440279018572,0,High-Engagement / Positive Sentiment
860,3,1199.6666666666667,7.0,10.0,Investment,Low Transaction Amount,-1.6946419248481375,-0.2609445448911622,3,Low-Engagement / Positive Sentiment
861,4,1586.0,5.65439672801636,4.0,Bill Payment,Low Transaction Amount,-1.1365589715938946,0.8142463178717231,3,Low-Engagement / Positive Sentiment
862,4,2898.25,5.0,2.0,Loan Payment,Medium Transaction Amount,-0.044702456255603575,0.612704354022958,0,High-Engagement / Positive Sentiment
863,3,3429.0,9.0,3.0,Bill Payment,High Transaction Amount,0.9897340806854301,0.9061453236704846,0,High-Engagement / Positive Sentiment
864,12,2155.2083333333335,10.0,4.0,Purchase,Medium Transaction Amount,2.80543171392113,1.288278189226681,2,High-Engagement / Negative Sentiment
865,10,2459.95,2.0,7.0,Loan Payment,Low Transaction Amount,0.38085996058435884,-0.8843125737831891,1,Low-Engagement / Negative Sentiment
866,4,3814.5,5.65439672801636,3.0,Purchase,Medium Transaction Amount,-0.060764481946391814,0.5410014475754956,0,High-Engagement / Positive Sentiment
867,5,2413.0,8.0,8.0,Investment,Medium Transaction Amount,0.19465990431170443,-0.0668025227007413,1,Low-Engagement / Negative Sentiment
868,4,2899.0,8.0,8.0,Loan Payment,Medium Transaction Amount,-0.08682333130046055,-0.03448109945467275,1,Low-Engagement / Negative Sentiment
869,6,2719.3333333333335,2.0,10.0,Purchase,Low Transaction Amount,-1.0662181417466334,-1.5322854922748925,1,Low-Engagement / Negative Sentiment
870,3,1306.3333333333333,8.0,2.0,Bill Payment,Medium Transaction Amount,-0.12080757116110193,1.3838860627499525,0,High-Engagement / Positive Sentiment
871,9,2538.0,5.0,4.0,Bill Payment,Medium Transaction Amount,1.516521741482451,0.09031613506007781,2,High-Engagement / Negative Sentiment
872,5,3449.8,2.0,8.0,Bill Payment,High Transaction Amount,0.9077418247402412,-2.0319243253469845,1,Low-Engagement / Negative Sentiment
873,5,1206.2,7.0,1.0,Bill Payment,Low Transaction Amount,-0.5833664741074829,1.835320681044514,0,High-Engagement / Positive Sentiment
874,5,2042.8,7.0,1.0,Investment,Medium Transaction Amount,0.4266625766819215,1.3125740985497938,0,High-Engagement / Positive Sentiment
875,3,1460.6666666666667,3.0,4.0,Purchase,Medium Transaction Amount,-0.6225032802862905,-0.3414596587158128,1,Low-Engagement / Negative Sentiment
876,5,1425.8,1.0,2.0,Purchase,Low Transaction Amount,-1.1146143676887723,0.09297381671969422,3,Low-Engagement / Positive Sentiment
877,3,2268.3333333333335,4.0,1.0,Loan Payment,Medium Transaction Amount,-0.39824601516177965,0.6088562715563561,3,Low-Engagement / Positive Sentiment
878,3,3047.6666666666665,2.0,8.0,Purchase,Medium Transaction Amount,-0.8700178454309891,-1.522108938332859,1,Low-Engagement / Negative Sentiment
879,4,2395.5,4.0,2.0,Investment,Medium Transaction Amount,-0.16035525568733433,0.3438052209586894,0,High-Engagement / Positive Sentiment
880,4,2522.75,8.0,4.0,Purchase,Low Transaction Amount,-1.0137780702575452,1.3887830138835222,3,Low-Engagement / Positive Sentiment
881,5,2812.4,2.0,3.0,Purchase,Medium Transaction Amount,-0.004072715842240256,-0.3847669223597738,1,Low-Engagement / Negative Sentiment
882,3,2592.3333333333335,1.0,2.0,Bill Payment,Low Transaction Amount,-1.7138096627082748,0.13051255321390354,3,Low-Engagement / Positive Sentiment
883,4,2822.5,3.0,8.0,Bill Payment,Medium Transaction Amount,-0.4240943565064453,-1.2742986128053562,1,Low-Engagement / Negative Sentiment
884,4,2332.75,10.0,3.0,Investment,Low Transaction Amount,-0.8460692356525638,2.1042020968095323,0,High-Engagement / Positive Sentiment
885,11,2525.0,7.0,9.0,Investment,Low Transaction Amount,0.9408815468901862,-0.13343940067918886,2,High-Engagement / Negative Sentiment
886,8,3147.875,6.0,10.0,Bill Payment,High Transaction Amount,2.085109638190309,-1.5379196803849284,2,High-Engagement / Negative Sentiment
887,4,2024.0,6.0,5.0,Loan Payment,Low Transaction Amount,-1.1833246914653737,0.6589881241173386,3,Low-Engagement / Positive Sentiment
888,4,1405.25,7.0,9.0,Purchase,Low Transaction Amount,-1.3048851115399636,-0.024595893085122347,3,Low-Engagement / Positive Sentiment
889,3,1935.1666666666667,8.0,3.0,Investment,Medium Transaction Amount,-0.23536046389984844,1.1231517348421565,0,High-Engagement / Positive Sentiment
890,4,1593.25,3.0,5.0,Bill Payment,Low Transaction Amount,-1.374306395483718,-0.08136784881203851,3,Low-Engagement / Positive Sentiment
891,3,3489.0,3.0,10.0,Investment,High Transaction Amount,0.1747583675574445,-2.2493513896108195,1,Low-Engagement / Negative Sentiment
892,3,2605.3333333333335,10.0,6.0,Purchase,Medium Transaction Amount,-0.197675608404988,0.9411964780555624,0,High-Engagement / Positive Sentiment
893,6,3458.25,8.0,9.0,Loan Payment,Medium Transaction Amount,0.5175669414619708,-0.2935168475911773,2,High-Engagement / Negative Sentiment
894,3,2478.6666666666665,7.0,8.0,Bill Payment,Medium Transaction Amount,-0.45550708858123984,-0.2622224715702905,1,Low-Engagement / Negative Sentiment
895,8,1483.625,10.0,2.0,Loan Payment,Low Transaction Amount,0.5359968771233682,2.3034878454449337,0,High-Engagement / Positive Sentiment
896,5,1604.8,5.0,2.0,Investment,Medium Transaction Amount,0.2367807793565614,0.5803829307768894,0,High-Engagement / Positive Sentiment
897,6,1164.0,4.0,5.0,Investment,Low Transaction Amount,-0.7241394025907736,0.11405210005751068,3,Low-Engagement / Positive Sentiment
898,8,2448.5,6.0,5.0,Bill Payment,Medium Transaction Amount,1.222082551488476,0.12047033831158575,2,High-Engagement / Negative Sentiment
899,5,2385.6,9.0,5.0,Loan Payment,Low Transaction Amount,-0.6398993352338374,1.3950273743568447,0,High-Engagement / Positive Sentiment
900,4,2866.25,6.0,4.0,Bill Payment,High Transaction Amount,1.0506989972163252,-0.08892967470552612,2,High-Engagement / Negative Sentiment
901,2,1545.5,8.0,8.0,Bill Payment,Low Transaction Amount,-1.7873432698279266,0.49540324097133825,3,Low-Engagement / Positive Sentiment
902,6,2159.6666666666665,1.0,5.0,Purchase,Medium Transaction Amount,0.15958904573857577,-1.1131100076660767,1,Low-Engagement / Negative Sentiment
903,6,2878.25,6.0,1.0,Loan Payment,Medium Transaction Amount,0.7200174293760871,1.068858630800303,0,High-Engagement / Positive Sentiment
904,8,2513.4375,2.0,10.0,Purchase,Medium Transaction Amount,0.662754074543949,-2.0533334949983213,1,Low-Engagement / Negative Sentiment
905,8,2424.5,3.0,5.0,Bill Payment,Low Transaction Amount,-0.07834089768341596,-0.133980090381851,1,Low-Engagement / Negative Sentiment
906,5,2699.4,5.65439672801636,1.0,Bill Payment,Low Transaction Amount,-0.6817901687306602,1.4992821395340648,0,High-Engagement / Positive Sentiment
907,2,1714.5,2.0,4.0,Purchase,Low Transaction Amount,-2.1006287827206176,-0.08329548659549009,3,Low-Engagement / Positive Sentiment
908,3,2349.6666666666665,4.0,1.0,Purchase,Medium Transaction Amount,-0.4185811912793114,0.6064599935496353,3,Low-Engagement / Positive Sentiment
909,6,2117.3333333333335,6.0,6.0,Purchase,Medium Transaction Amount,0.48171987256995735,-0.09718578396440943,2,High-Engagement / Negative Sentiment
910,5,2839.0,5.0,6.0,Bill Payment,Medium Transaction Amount,0.1333712914067099,-0.3225308780733064,1,Low-Engagement / Negative Sentiment
911,5,2529.2,6.0,1.0,Purchase,Medium Transaction Amount,0.37569087880847996,1.0796154131860354,0,High-Engagement / Positive Sentiment
912,5,2623.0,6.0,8.0,Investment,Low Transaction Amount,-1.0326188842663675,-0.07152218118352495,3,Low-Engagement / Positive Sentiment
913,4,2930.75,8.0,4.0,Purchase,Medium Transaction Amount,0.06721139713288614,0.8940411319449998,0,High-Engagement / Positive Sentiment
914,5,2598.6,9.0,2.0,Purchase,Medium Transaction Amount,0.5515323844522211,1.5960780964663965,0,High-Engagement / Positive Sentiment
915,8,2092.375,5.0,1.0,Purchase,Medium Transaction Amount,1.274520341564886,0.7904254617980229,0,High-Engagement / Positive Sentiment
916,9,2045.111111111111,6.0,3.0,Bill Payment,Low Transaction Amount,0.5522694108235594,1.0675184145608516,0,High-Engagement / Positive Sentiment
917,6,2675.0,6.0,7.0,Investment,Medium Transaction Amount,0.415954433711859,-0.3466874961629024,2,High-Engagement / Negative Sentiment
918,4,2418.5,6.0,10.0,Purchase,Low Transaction Amount,-1.4216222482715033,-0.5070562906473738,3,Low-Engagement / Positive Sentiment
919,4,2268.5,2.0,10.0,Bill Payment,Medium Transaction Amount,-0.5844239693757047,-1.9894886377192058,1,Low-Engagement / Negative Sentiment
920,3,1993.6666666666667,4.0,8.0,Purchase,Medium Transaction Amount,-0.7237285242433487,-1.022647397911553,1,Low-Engagement / Negative Sentiment
921,4,2808.5,1.0,5.0,Investment,Medium Transaction Amount,-0.5105666658819539,-1.103575971728065,1,Low-Engagement / Negative Sentiment
922,1,286.0,1.0,7.0,Purchase,Low Transaction Amount,-2.628542246177672,-1.018062078468485,3,Low-Engagement / Positive Sentiment
923,11,1939.4545454545455,1.0,2.0,Purchase,Medium Transaction Amount,1.9103233464021119,-0.4806864275735471,2,High-Engagement / Negative Sentiment
924,6,2598.1666666666665,7.0,4.0,Bill Payment,Medium Transaction Amount,0.690836939319865,0.6292368566587435,0,High-Engagement / Positive Sentiment
925,7,3673.4285714285716,1.0,6.0,Loan Payment,High Transaction Amount,1.5413125875588944,-1.85133829934193,2,High-Engagement / Negative Sentiment
926,7,2465.1428571428573,5.65439672801636,5.0,Loan Payment,Medium Transaction Amount,0.8443598652459271,0.038479289701660424,2,High-Engagement / Negative Sentiment
927,3,2149.3333333333335,2.0,6.0,Purchase,Low Transaction Amount,-1.8638223605459814,-0.5619078016911397,3,Low-Engagement / Positive Sentiment
928,7,2742.714285714286,6.0,2.0,Bill Payment,Medium Transaction Amount,1.0288686054515594,0.8318122807588341,0,High-Engagement / Positive Sentiment
929,2,667.5,6.0,7.0,Investment,Low Transaction Amount,-1.9610005314788745,0.20066662734543264,3,Low-Engagement / Positive Sentiment
930,10,2386.1,3.0,8.0,Purchase,Medium Transaction Amount,1.471066436313359,-1.364449590869378,2,High-Engagement / Negative Sentiment
931,5,2364.2,8.0,9.0,Bill Payment,Low Transaction Amount,-0.8589616226154195,0.2232144324423807,3,Low-Engagement / Positive Sentiment
932,3,1373.3333333333333,4.0,6.0,Bill Payment,Low Transaction Amount,-1.668745585477693,-0.051213645560530596,3,Low-Engagement / Positive Sentiment
933,6,2893.0,7.0,7.0,Bill Payment,High Transaction Amount,1.6410489782971376,-0.5636939073345741,2,High-Engagement / Negative Sentiment
934,4,3301.75,4.0,1.0,Bill Payment,High Transaction Amount,1.0351871044418435,0.10979766692796258,2,High-Engagement / Negative Sentiment
935,7,2307.8571428571427,1.0,9.0,Bill Payment,Medium Transaction Amount,0.35799796951842094,-2.0459489617556197,1,Low-Engagement / Negative Sentiment
936,2,2557.5,6.0,6.0,Purchase,Low Transaction Amount,-1.895235092620776,0.45016833954392566,3,Low-Engagement / Positive Sentiment
937,5,1743.4,5.0,4.0,Bill Payment,Low Transaction Amount,-0.8604332237082822,0.637670258568413,3,Low-Engagement / Positive Sentiment
938,2,2138.0,9.0,10.0,Bill Payment,Medium Transaction Amount,-0.720394094119114,-0.21506712545972778,3,Low-Engagement / Positive Sentiment
939,5,2489.2,9.0,9.0,Purchase,Medium Transaction Amount,0.2463850514881838,-0.03302929499479192,2,High-Engagement / Negative Sentiment
940,9,2312.0,8.0,1.0,Investment,Medium Transaction Amount,1.7957727350760435,1.5096926271906346,0,High-Engagement / Positive Sentiment
941,4,3553.875,7.0,2.0,Bill Payment,Medium Transaction Amount,0.13003914269515335,1.1210022321468465,0,High-Engagement / Positive Sentiment
942,7,3177.4285714285716,2.0,3.0,Bill Payment,Medium Transaction Amount,0.6926974869385589,-0.39984042743537695,2,High-Engagement / Negative Sentiment
943,4,3145.75,8.0,1.0,Purchase,Medium Transaction Amount,0.19798882554604497,1.5922300139997947,0,High-Engagement / Positive Sentiment
944,10,2801.0,3.0,2.0,Purchase,Medium Transaction Amount,1.7326212931396767,0.031928173240212174,2,High-Engagement / Negative Sentiment
945,5,2265.2,6.0,2.0,Purchase,Medium Transaction Amount,0.33209840267076035,0.8468857858344372,0,High-Engagement / Positive Sentiment
946,4,2015.5,10.0,7.0,Purchase,Low Transaction Amount,-0.9982661774830635,1.1900556722500335,3,Low-Engagement / Positive Sentiment
947,4,2663.75,7.0,10.0,Bill Payment,Medium Transaction Amount,-0.21870066640660352,-0.7408347866659402,1,Low-Engagement / Negative Sentiment
948,8,2051.5,6.0,6.0,Loan Payment,Medium Transaction Amount,1.1500377975876401,-0.12109562674259484,2,High-Engagement / Negative Sentiment
949,6,1747.3333333333333,5.0,9.0,Purchase,Medium Transaction Amount,0.2777977835629783,-1.0451054362298575,1,Low-Engagement / Negative Sentiment
951,2,1045.5,2.0,9.0,Purchase,Low Transaction Amount,-2.3185911634092156,-1.2469436233534816,3,Low-Engagement / Positive Sentiment
952,6,1761.0,9.0,10.0,Purchase,Low Transaction Amount,-0.5542055175898917,0.21582989919967926,3,Low-Engagement / Positive Sentiment
953,5,2647.8,7.0,9.0,Purchase,Medium Transaction Amount,0.10009573030054332,-0.532490835416098,1,Low-Engagement / Negative Sentiment
954,7,2122.4285714285716,7.0,2.0,Loan Payment,Medium Transaction Amount,1.0735609882822632,1.0727067132669048,0,High-Engagement / Positive Sentiment
955,6,2874.0,4.0,9.0,Purchase,Low Transaction Amount,-0.8763363444212733,-0.8000943245019879,1,Low-Engagement / Negative Sentiment
956,3,1316.0,5.0,3.0,Bill Payment,Low Transaction Amount,-1.4648234964707139,0.8967060067049175,3,Low-Engagement / Positive Sentiment
957,3,4117.0,6.0,3.0,Bill Payment,High Transaction Amount,0.7703000989039694,0.15695301303852532,2,High-Engagement / Negative Sentiment
958,5,2988.4,2.0,9.0,Investment,Medium Transaction Amount,-0.28780053538893663,-1.7979167713162583,1,Low-Engagement / Negative Sentiment
959,11,2786.7272727272725,4.0,7.0,Loan Payment,Medium Transaction Amount,1.932130123612506,-0.8927459756928587,2,High-Engagement / Negative Sentiment
960,5,3163.8,4.0,8.0,Purchase,Medium Transaction Amount,-0.07574577534319779,-1.0489535186964591,1,Low-Engagement / Negative Sentiment
961,3,1408.6666666666667,4.0,7.0,Investment,Low Transaction Amount,-1.7832984782164392,-0.31194797346832664,3,Low-Engagement / Positive Sentiment
962,6,2109.0,7.0,9.0,Purchase,Medium Transaction Amount,0.4240871047506187,-0.5456438958085511,1,Low-Engagement / Negative Sentiment
963,7,2438.0,7.0,8.0,Loan Payment,Low Transaction Amount,-0.2689833359344858,0.17107083109583734,3,Low-Engagement / Positive Sentiment
964,9,2713.3333333333335,5.65439672801636,4.0,Bill Payment,Medium Transaction Amount,1.5643873680469138,0.2537391339709347,2,High-Engagement / Negative Sentiment
965,3,1628.0,7.0,2.0,Investment,Medium Transaction Amount,-0.2649126483559491,1.1061505919831018,0,High-Engagement / Positive Sentiment
966,4,1696.75,2.0,5.0,Purchase,Low Transaction Amount,-1.4962385099581863,-0.3423312347319946,3,Low-Engagement / Positive Sentiment
967,5,2580.0,5.0,2.0,Purchase,Medium Transaction Amount,0.2589537420769401,0.597155015623784,0,High-Engagement / Positive Sentiment
968,5,1322.2,10.0,4.0,Purchase,Medium Transaction Amount,0.5374920927706022,1.3803496119738528,0,High-Engagement / Positive Sentiment
969,10,2685.2,2.0,2.0,Bill Payment,Medium Transaction Amount,1.7082640864265048,-0.2065699812611378,2,High-Engagement / Negative Sentiment
970,4,2983.5,5.0,5.0,Loan Payment,Medium Transaction Amount,-0.1754798846687624,-0.08548452803183719,1,Low-Engagement / Negative Sentiment
971,2,2082.0,6.0,6.0,Bill Payment,Medium Transaction Amount,-0.7654581713496963,-0.033340926685293905,3,Low-Engagement / Positive Sentiment
972,1,1065.0,3.0,1.0,Purchase,Low Transaction Amount,-2.220698068163714,0.877777226062411,3,Low-Engagement / Positive Sentiment
973,3,2811.0,6.0,8.0,Bill Payment,Low Transaction Amount,-1.6096412165654916,-0.01721135984242106,3,Low-Engagement / Positive Sentiment
974,4,1520.25,5.0,2.0,Purchase,Low Transaction Amount,-1.1460270997635669,1.1050499579547597,3,Low-Engagement / Positive Sentiment
975,5,2115.3,4.0,5.0,Bill Payment,Medium Transaction Amount,0.10381910695060924,-0.3395320209323611,1,Low-Engagement / Negative Sentiment
976,3,1808.0,10.0,8.0,Purchase,Low Transaction Amount,-1.3658500280708588,0.9704791052908884,3,Low-Engagement / Positive Sentiment
977,5,3850.9,9.0,5.0,Bill Payment,Medium Transaction Amount,0.4695424099197104,0.9091218301209045,0,High-Engagement / Positive Sentiment
978,2,4023.5,8.0,3.0,Investment,High Transaction Amount,0.5216376290405075,0.6415629132960868,0,High-Engagement / Positive Sentiment
979,3,1132.8333333333333,7.0,6.0,Bill Payment,Low Transaction Amount,-1.449311603696232,0.6979786650714289,3,Low-Engagement / Positive Sentiment
980,5,2230.4,1.0,1.0,Purchase,Low Transaction Amount,-1.0710218915510528,0.32570344407129237,3,Low-Engagement / Positive Sentiment
981,3,2906.0,9.0,1.0,Purchase,Medium Transaction Amount,-0.05285788831021027,1.855113844602901,0,High-Engagement / Positive Sentiment
982,8,2233.375,9.0,8.0,Purchase,Medium Transaction Amount,1.2619516509761297,0.16024115117944712,2,High-Engagement / Negative Sentiment
983,5,2413.8,6.0,7.0,Purchase,Medium Transaction Amount,0.11413602198216229,-0.31676235092355465,1,Low-Engagement / Negative Sentiment
984,6,2691.0,7.0,10.0,Bill Payment,Medium Transaction Amount,0.4292820824935474,-0.7671409074508464,1,Low-Engagement / Negative Sentiment
985,4,2692.5,3.0,10.0,Purchase,Medium Transaction Amount,-0.5600667626625326,-1.7509904832178558,1,Low-Engagement / Negative Sentiment
986,5,3007.2,5.0,3.0,Loan Payment,Medium Transaction Amount,0.23569644205675225,0.3668216662789063,0,High-Engagement / Positive Sentiment
987,8,3000.0,7.0,8.0,Loan Payment,High Transaction Amount,2.2169869732964527,-0.8315659931736609,2,High-Engagement / Negative Sentiment
988,8,2020.625,1.0,8.0,Purchase,Medium Transaction Amount,0.6767943662255679,-1.837605010505778,1,Low-Engagement / Negative Sentiment
989,5,2748.6,1.0,1.0,Loan Payment,Medium Transaction Amount,0.030302751956910512,-0.16664215986050945,1,Low-Engagement / Negative Sentiment
990,5,3120.6,5.0,10.0,Purchase,High Transaction Amount,0.9912034003656146,-1.7594238851275255,2,High-Engagement / Negative Sentiment
991,5,3361.0,9.0,7.0,Investment,High Transaction Amount,1.3923865084336757,-0.07908400707701262,2,High-Engagement / Negative Sentiment
992,9,1934.2222222222222,7.0,2.0,Bill Payment,Low Transaction Amount,0.6690065475550994,1.5499788121231033,0,High-Engagement / Positive Sentiment
993,6,3670.6666666666665,1.0,2.0,Investment,High Transaction Amount,1.349182978821787,-0.9264350923966989,2,High-Engagement / Negative Sentiment
994,10,2706.4,5.0,2.0,Loan Payment,Medium Transaction Amount,1.8992457904448492,0.5337859916682394,2,High-Engagement / Negative Sentiment
995,7,2360.6428571428573,8.0,5.0,Loan Payment,Medium Transaction Amount,1.0159282204629245,0.624248601422763,0,High-Engagement / Positive Sentiment
996,3,1924.3333333333333,8.0,7.0,Purchase,Low Transaction Amount,-1.4685468731207796,0.7037471922211804,3,Low-Engagement / Positive Sentiment
997,4,2050.375,2.0,4.0,Investment,Medium Transaction Amount,-0.3938295291504141,-0.6211155741658135,1,Low-Engagement / Negative Sentiment
998,5,2842.2,7.0,4.0,Bill Payment,Medium Transaction Amount,0.3668455648697896,0.6423899170511966,0,High-Engagement / Positive Sentiment
999,9,2662.4444444444443,10.0,9.0,Investment,Medium Transaction Amount,1.593322247161927,0.1473171487991541,2,High-Engagement / Negative Sentiment
1000,6,1608.6666666666667,5.0,10.0,Loan Payment,Medium Transaction Amount,0.25454048354279046,-1.275438785574735,1,Low-Engagement / Negative Sentiment
